CITY	STATE	ZIP	Email	Delivery	Second	LastName	FirstName	Phone
Portsmouth	NH	00214	glawrenceay@huffingtonpost.com	11146 Schiller Drive		Lawrence	Gregory	1-(603)437-8450
Portsmouth	NH	00214	byoung42@sogou.com	539 Summit Avenue		Young	Benjamin	1-(603)935-3606
Springfield	MA	01105	gbrookski@sciencedirect.com	395 Esker Plaza		Brooks	Gloria	1-(413)500-8548
Springfield	MA	01152	alewis17@rakuten.co.jp	03723 Golden Leaf Crossing		Lewis	Angela	1-(413)583-9809
Springfield	MA	01152	mnelsone2@diigo.com	4204 Calypso Pass		Nelson	Melissa	1-(413)631-7886
Woburn	MA	01813	sjohnstongm@prlog.org	1482 Cherokee Road		Johnston	Sarah	1-(339)341-6407
Lynn	MA	01905	cmatthews52@devhub.com	93 Hayes Drive		Matthews	Clarence	1-(781)311-7822
Lynn	MA	01905	aparkerpy@mail.ru	46422 Spaight Place		Parker	Alan	1-(339)504-7047
Boston	MA	02109	swagner7s@elpais.com	8043 Bay Court		Wagner	Shirley	1-(617)115-6619
Boston	MA	02119	jarmstronge@google.co.jp	4034 Scott Way		Armstrong	John	1-(978)239-2619
Boston	MA	02119	acarrollqp@youtu.be	08 Mallory Street		Carroll	Antonio	1-(508)306-8367
Boston	MA	02119	acoleqh@istockphoto.com	8 Monterey Street		Cole	Anthony	1-(978)468-7203
Boston	MA	02163	sjohnsonni@mozilla.org	6 Warner Lane		Johnson	Scott	1-(857)203-0042
Boston	MA	02203	npalmerlb@twitpic.com	9973 Glendale Junction		Palmer	Nancy	1-(617)567-3481
Boston	MA	02208	sfreeman3d@1688.com	4 Warner Circle		Freeman	Shirley	1-(617)215-8187
Boston	MA	02216	lhuntfb@blogspot.com	8 1st Court		Hunt	Lisa	1-(617)297-6600
Boston	MA	02283	ehamiltonfa@answers.com	31 Clarendon Alley		Hamilton	Emily	1-(617)780-1065
Brockton	MA	02405	ahudsonm@hhs.gov	45194 Artisan Drive		Hudson	Antonio	1-(508)157-4687
Brockton	MA	02405	cmurrayl@reverbnation.com	4778 Lien Park		Murray	Clarence	1-(508)406-9279
Watertown	MA	02472	dpetersd6@prnewswire.com	2 Nancy Drive		Peters	Denise	1-(978)425-7527
New Bedford	MA	02745	gwillisnh@drupal.org	09 Brown Court		Willis	Gerald	1-(508)706-9930
Providence	RI	02905	jcookbg@thetimes.co.uk	57136 David Lane		Cook	Jose	1-(401)972-4030
Providence	RI	02912	rhowell81@oaic.gov.au	7 David Parkway		Howell	Roy	1-(401)105-1858
Providence	RI	02912	hsnyderpb@cnn.com	80597 Graceland Road		Snyder	Harry	1-(401)683-0259
Portland	ME	04109	nmorganpq@ycombinator.com	66 Fuller Plaza		Morgan	Norma	1-(207)927-5049
Montpelier	VT	05609	hthompson59@independent.co.uk	58 North Circle		Thompson	Howard	1-(802)468-9906
Hartford	CT	06120	rcartermp@live.com	4 John Wall Crossing		Carter	Randy	1-(860)892-5343
West Hartford	CT	06127	koliverj2@google.pl	1 Stuart Place		Oliver	Kathleen	1-(860)943-3712
Hartford	CT	06140	breed3w@reverbnation.com	0 Mosinee Park		Reed	Betty	1-(860)491-4937
Hartford	CT	06183	jclarkds@amazon.co.uk	3 Myrtle Terrace		Clark	Judith	1-(860)665-0205
New Haven	CT	06505	pgilbertae@wordpress.com	790 Roxbury Avenue		Gilbert	Peter	1-(203)191-2514
New Haven	CT	06510	sjacksonel@domainmarket.com	1634 Nelson Alley		Jackson	Sara	1-(203)936-3743
New Haven	CT	06510	crogersbx@rambler.ru	11 Valley Edge Road		Rogers	Carol	1-(203)618-7597
New Haven	CT	06520	chawkins2a@paypal.com	23 Cambridge Pass		Hawkins	Chris	1-(203)358-3634
New Haven	CT	06520	trose5@cbc.ca	0892 Kropf Hill		Rose	Todd	1-(203)546-9562
New Haven	CT	06533	csimpsondn@redcross.org	651 Birchwood Street		Simpson	Cheryl	1-(203)424-8215
New Haven	CT	06538	kbanks7c@barnesandnoble.com	2356 Hoffman Crossing		Banks	Kimberly	1-(203)984-5279
New Haven	CT	06538	ehendersonkc@bloglovin.com	0 Mendota Road		Henderson	Ernest	1-(203)762-8573
Bridgeport	CT	06606	dhart3t@slideshare.net	46300 Rigney Hill		Hart	David	1-(203)282-8358
Bridgeport	CT	06673	jjacobsfp@yelp.com	977 Red Cloud Trail		Jacobs	Julie	1-(203)108-2537
Bridgeport	CT	06673	wtorresmo@devhub.com	9 Nevada Circle		Torres	Wayne	1-(203)870-5387
Waterbury	CT	06721	rromerobc@virginia.edu	86 Schlimgen Terrace		Romero	Roy	1-(203)381-9471
Waterbury	CT	06726	rjamesag@bizjournals.com	8 Redwing Drive		James	Roger	1-(203)513-3587
Danbury	CT	06816	dandrewsno@google.com.hk	4 Vidon Alley		Andrews	Diana	1-(203)192-0463
Danbury	CT	06816	cwilliams2m@163.com	934 Prentice Street		Williams	Craig	1-(203)725-0172
Fairfield	CT	06825	relliottj6@de.vu	66570 Kennedy Terrace		Elliott	Robert	1-(203)311-2252
Stamford	CT	06905	mmatthewsgq@1688.com	63301 Alpine Park		Matthews	Matthew	1-(203)117-3250
Stamford	CT	06905	mruizrg@howstuffworks.com	5120 Everett Road		Ruiz	Mark	1-(203)954-0260
Stamford	CT	06922	sfloresrd@t-online.de	474 Comanche Center		Flores	Sarah	1-(203)470-7273
Newark	NJ	07104	sreed49@stanford.edu	90304 Maple Drive		Reed	Stephanie	1-(973)398-1747
Elizabeth	NJ	07208	eblack1p@domainmarket.com	59697 Sundown Center		Black	Earl	1-(908)391-8381
Jersey City	NJ	07310	kberrybt@oracle.com	30 Fieldstone Crossing		Berry	Kathryn	1-(201)105-8852
Trenton	NJ	08619	rhayes2c@comsenz.com	32 Fair Oaks Road		Hayes	Robin	1-(609)818-4363
Trenton	NJ	08650	jreynoldsfx@booking.com	798 Loftsgordon Avenue		Reynolds	Joan	1-(609)198-6999
Trenton	NJ	08695	haustin39@wikimedia.org	9187 Maywood Circle		Austin	Heather	1-(609)753-7463
New Brunswick	NJ	08922	fjameshr@economist.com	869 Alpine Junction		James	Fred	1-(732)668-4913
New York City	NY	10009	mbaileyin@amazon.co.uk	6300 Mallard Plaza		Bailey	Mary	1-(917)729-4057
New York City	NY	10019	dhuntid@1688.com	617 Nova Alley		Hunt	Daniel	1-(718)100-5339
New York City	NY	10019	mreyesoo@weebly.com	90 Bartillon Trail		Reyes	Mildred	1-(347)326-1101
New York City	NY	10024	pburnsfm@youtu.be	8 Barnett Place		Burns	Patricia	1-(212)994-8597
New York City	NY	10024	dcooperdw@cbslocal.com	52 Division Place		Cooper	Deborah	1-(917)589-6216
New York City	NY	10034	lcolemanmt@diigo.com	4558 Nevada Crossing		Coleman	Lillian	1-(646)216-0805
New York City	NY	10060	ccrawforda9@360.cn	3 Glendale Circle		Crawford	Charles	1-(646)653-0096
New York City	NY	10079	mreynoldso9@hugedomains.com	10 Goodland Road		Reynolds	Marilyn	1-(212)909-5058
New York City	NY	10090	cdanielsrh@whitehouse.gov	83214 Emmet Avenue		Daniels	Christopher	1-(212)209-9405
New York City	NY	10105	mwelchps@de.vu	18 5th Way		Welch	Matthew	1-(917)717-5799
New York City	NY	10110	wmorgan1g@ning.com	1750 Transport Street		Morgan	Walter	1-(646)588-4850
New York City	NY	10110	gpowellr4@zdnet.com	2 Division Place		Powell	George	1-(646)620-2436
New York City	NY	10110	jray66@domainmarket.com	9053 Schlimgen Plaza		Ray	Joan	1-(646)184-2601
New York City	NY	10125	ajamesgv@cocolog-nifty.com	13306 Karstens Drive		James	Amanda	1-(212)688-3120
New York City	NY	10160	awheelerav@about.me	03 Brown Alley		Wheeler	Alan	1-(212)202-6127
New York City	NY	10165	relliotti7@imgur.com	7 Ramsey Court		Elliott	Randy	1-(917)287-7707
New York City	NY	10280	rjohnstongr@psu.edu	9267 Larry Way		Johnston	Raymond	1-(347)621-9689
New York City	NY	10292	mmurray3h@goo.gl	63 Hazelcrest Avenue		Murray	Martin	1-(212)165-8705
Staten Island	NY	10305	jjonesoa@oakley.com	24 Reindahl Parkway		Jones	Julie	1-(718)198-3488
Staten Island	NY	10305	pmontgomerybk@bbb.org	17 Glacier Hill Place		Montgomery	Paul	1-(718)712-8725
Staten Island	NY	10310	jbryantb4@histats.com	50953 Trailsway Avenue		Bryant	Jesse	1-(718)875-0513
Bronx	NY	10454	bcarroll40@meetup.com	76 Golf Crossing		Carroll	Bruce	1-(718)961-8686
Bronx	NY	10459	jlopezf@blog.com	764 Blue Bill Park Center		Lopez	Jerry	1-(718)488-5871
Bronx	NY	10464	ctaylor78@usa.gov	91676 Atwood Alley		Taylor	Catherine	1-(718)252-2619
Bronx	NY	10469	bmorganbh@upenn.edu	7376 Amoth Circle		Morgan	Beverly	1-(718)863-0261
Bronx	NY	10469	esandersfu@reddit.com	884 Sycamore Crossing		Sanders	Edward	1-(917)538-6886
White Plains	NY	10633	dsimpsonpm@seattletimes.com	0 Prairieview Park		Simpson	Debra	1-(845)185-7086
Yonkers	NY	10705	ladamsei@reference.com	63824 Petterle Terrace		Adams	Louis	1-(914)978-8059
New Hyde Park	NY	11044	mhernandezmy@aboutads.info	29897 Shopko Plaza		Hernandez	Mary	1-(516)518-4702
Brooklyn	NY	11205	pharrisg3@macromedia.com	0010 Hoepker Terrace		Harris	Phyllis	1-(718)288-6930
Brooklyn	NY	11215	druiz2j@flickr.com	4 Anderson Place		Ruiz	Denise	1-(646)317-7849
Brooklyn	NY	11220	ddanielslh@upenn.edu	754 Tennessee Junction		Daniels	Diana	1-(718)745-8589
Brooklyn	NY	11231	fhalla6@cnet.com	703 Beilfuss Drive		Hall	Fred	1-(718)633-7983
Brooklyn	NY	11231	dmcdonaldba@princeton.edu	0961 Mayfield Lane		Mcdonald	Deborah	1-(718)345-4419
Brooklyn	NY	11241	jtuckeric@mit.edu	3778 Fallview Point		Tucker	James	1-(347)147-8074
Brooklyn	NY	11247	bhudsoniz@time.com	563 Mcbride Plaza		Hudson	Bobby	1-(212)912-1140
Brooklyn	NY	11247	dpiercejp@imageshack.us	8 Gale Point		Pierce	Doris	1-(212)989-0081
Flushing	NY	11355	sking9j@sourceforge.net	962 Westport Alley		King	Steve	1-(347)609-4048
Jamaica	NY	11431	djohnstona5@fema.gov	74 Helena Trail		Johnston	Douglas	1-(212)508-3169
Jamaica	NY	11447	phenderson6y@edublogs.org	2 Tomscot Plaza		Henderson	Philip	1-(917)693-9360
Jamaica	NY	11499	swrightmh@mapquest.com	72307 Towne Circle		Wright	Shawn	1-(212)813-2005
Albany	NY	12210	jpalmerrc@oaic.gov.au	3009 Truax Pass		Palmer	Johnny	1-(518)647-0016
		12345					Fred	
Syracuse	NY	13217	eramosi4@51.la	0413 Valley Edge Center		Ramos	Eric	1-(315)291-4559
Buffalo	NY	14205	kprice6l@theatlantic.com	2 Maple Wood Parkway		Price	Kimberly	1-(716)243-6743
Buffalo	NY	14215	rfoster4o@joomla.org	6 Johnson Way		Foster	Ronald	1-(716)590-4070
Buffalo	NY	14225	agreene31@nasa.gov	647 Canary Terrace		Greene	Aaron	1-(716)651-9110
Buffalo	NY	14263	shernandez5p@gravatar.com	18958 Cardinal Point		Hernandez	Shirley	1-(716)873-6910
Buffalo	NY	14263	jtuckerls@yale.edu	9976 Beilfuss Crossing		Tucker	Jacqueline	1-(716)358-5471
Buffalo	NY	14276	dhansonpd@disqus.com	8 Katie Place		Hanson	Debra	1-(716)236-4986
Buffalo	NY	14276	jjordanaw@privacy.gov.au	3912 Oak Valley Way		Jordan	Jane	1-(716)636-7671
Rochester	NY	14639	kspenceri6@arstechnica.com	7631 Eggendart Street		Spencer	Karen	1-(585)972-1417
Rochester	NY	14652	crobertson3f@ibm.com	48290 Sunbrook Court		Robertson	Carl	1-(585)602-2601
Mc Keesport	PA	15134	cmyers8y@scientificamerican.com	3515 Oneill Junction		Myers	Clarence	1-(412)404-8659
Pittsburgh	PA	15210	jreedp1@nhs.uk	9 Talisman Park		Reed	Jack	1-(412)186-2051
Pittsburgh	PA	15210	athomasf6@tripadvisor.com	14162 6th Way		Thomas	Ashley	1-(412)238-2046
Pittsburgh	PA	15215	hclark6o@japanpost.jp	398 Ridge Oak Hill		Clark	Howard	1-(412)665-0007
Pittsburgh	PA	15220	barmstrongib@sina.com.cn	3 Gerald Hill		Armstrong	Benjamin	1-(412)215-0911
Pittsburgh	PA	15225	sfowler2n@uiuc.edu	2 Lien Circle		Fowler	Shirley	1-(412)371-8388
Pittsburgh	PA	15230	lcastillo3z@example.com	74 Rigney Circle		Castillo	Lisa	1-(412)826-2102
Pittsburgh	PA	15255	phickscp@redcross.org	515 Spohn Lane		Hicks	Paul	1-(412)598-2834
Pittsburgh	PA	15279	pblacki8@uol.com.br	330 Forster Pass		Black	Paula	1-(412)594-5765
Pittsburgh	PA	15279	nrice68@plala.or.jp	017 Killdeer Drive		Rice	Nancy	1-(412)855-9830
New Castle	PA	16107	tharveydo@exblog.jp	704 Carey Circle		Harvey	Theresa	1-(724)494-7477
New Castle	PA	16107	fwarrenci@etsy.com	9 Artisan Terrace		Warren	Frances	1-(724)398-5082
Erie	PA	16510	pwallaceg0@1und1.de	16 Hollow Ridge Terrace		Wallace	Peter	1-(814)663-0694
Harrisburg	PA	17126	scarrqk@dot.gov	8 Armistice Street		Carr	Steve	1-(717)919-1100
Harrisburg	PA	17126	jhill5q@e-recht24.de	9 Algoma Crossing		Hill	Julie	1-(717)366-3338
Harrisburg	PA	17140	tmurphyke@sitemeter.com	1 Manley Point		Murphy	Tammy	1-(717)911-0141
York	PA	17405	mdanielsa7@oakley.com	8589 Eggendart Circle		Daniels	Maria	1-(717)129-3221
Lancaster	PA	17605	bpaynecn@hubpages.com	5212 Dapin Hill		Payne	Brenda	1-(717)767-7217
Lancaster	PA	17622	pfernandezob@etsy.com	26 Briar Crest Pass		Fernandez	Patrick	1-(717)850-1882
Bethlehem	PA	18018	celliottrn@wix.com	4 Crowley Court		Elliott	Cynthia	1-(267)567-0004
Allentown	PA	18105	abaker1m@vistaprint.com	92 Elka Hill		Baker	Anna	1-(610)368-5050
Wilkes Barre	PA	18763	tperkinsnc@csmonitor.com	24 Meadow Valley Center		Perkins	Terry	1-(570)757-0910
Levittown	PA	19058	ngonzaleskb@salon.com	65029 Manley Lane		Gonzales	Norma	1-(267)481-9740
Levittown	PA	19058	llong8m@engadget.com	470 Sunfield Road		Long	Laura	1-(267)670-4988
Levittown	PA	19058	msullivan1a@mit.edu	6 Hovde Point		Sullivan	Matthew	1-(267)550-4711
Philadelphia	PA	19093	epeterson0@hugedomains.com	16754 Brickson Park Plaza		Peterson	Ernest	1-(215)246-6121
Philadelphia	PA	19115	rperkinsfo@barnesandnoble.com	53 Macpherson Plaza		Perkins	Ryan	1-(267)148-9529
Philadelphia	PA	19131	fadams2t@dell.com	2464 Lillian Hill		Adams	Frances	1-(215)214-0086
Philadelphia	PA	19131	dhartaa@ifeng.com	5 Carey Drive		Hart	Douglas	1-(215)777-9296
Philadelphia	PA	19178	rwhitep8@liveinternet.ru	67795 Northview Road		White	Robert	1-(215)610-2120
Philadelphia	PA	19184	hhowardk1@irs.gov	51 Oakridge Parkway		Howard	Henry	1-(215)263-9630
Valley Forge	PA	19495	gcampbellr6@newsvine.com	2 Browning Park		Campbell	Gerald	1-(484)934-5400
Valley Forge	PA	19495	apeterson7y@senate.gov	20967 Boyd Center		Peterson	Anthony	1-(484)431-2710
Reading	PA	19605	kcarterdz@shutterfly.com	9930 Surrey Alley		Carter	Kathryn	1-(610)114-0181
Reading	PA	19605	pdixon97@t-online.de	31 Butternut Parkway		Dixon	Pamela	1-(610)822-2258
Reading	PA	19605	srosel7@comsenz.com	9 Summerview Plaza		Rose	Stephen	1-(484)608-5206
Newark	DE	19725	ldunn3@slate.com	7986 Grasskamp Hill		Dunn	Lawrence	1-(302)142-7925
Wilmington	DE	19805	hcarrollbo@shareasale.com	3 Monument Crossing		Carroll	Harold	1-(302)499-6242
Wilmington	DE	19805	rwallace2r@intel.com	184 Reinke Hill		Wallace	Raymond	1-(302)817-7626
Wilmington	DE	19810	krice4@yandex.ru	9 Cottonwood Hill		Rice	Katherine	1-(302)546-4221
Wilmington	DE	19892	jgrahamj8@github.io	4933 Kedzie Court		Graham	Jesse	1-(302)796-5199
Washington	DC	20029	bnicholsdq@buzzfeed.com	66 Basil Junction		Nichols	Barbara	1-(202)909-0507
Washington	DC	20036	elawson57@google.fr	344 Golden Leaf Junction		Lawson	Evelyn	1-(202)893-1400
Washington	DC	20046	blopez84@aol.com	80 Bultman Street		Lopez	Bobby	1-(202)290-2694
Washington	DC	20051	jfieldsfj@opensource.org	89 Old Gate Circle		Fields	Janice	1-(202)272-1353
Washington	DC	20051	jgutierrezmb@hud.gov	40 Di Loreto Center		Gutierrez	Johnny	1-(202)925-5970
Washington	DC	20057	broberts6v@infoseek.co.jp	547 Cardinal Drive		Roberts	Bonnie	1-(202)119-9647
Washington	DC	20067	wstonecz@phpbb.com	1 Vera Alley		Stone	Wanda	1-(202)625-8185
Washington	DC	20078	kwilsonec@taobao.com	267 Bunting Center		Wilson	Kevin	1-(202)510-6331
Washington	DC	20088	pmiller51@tumblr.com	06111 Lindbergh Pass		Miller	Phyllis	1-(202)345-8631
Washington	DC	20099	cjenkinsjg@nymag.com	12999 Di Loreto Park		Jenkins	Carlos	1-(202)434-1041
Washington	DC	20099	rlawsoneb@tinyurl.com	8982 Nobel Park		Lawson	Randy	1-(202)840-8567
Sterling	VA	20167	wdavis2e@spiegel.de	98 Hallows Pass		Davis	Willie	1-(571)754-7007
Washington	DC	20210	rsnyder24@comsenz.com	1539 Ohio Hill		Snyder	Ronald	1-(202)481-3977
Washington	DC	20231	apattersonp0@ebay.com	0 Loeprich Center		Patterson	Ashley	1-(202)333-0680
Washington	DC	20299	gkennedyi5@weebly.com	0235 Milwaukee Terrace		Kennedy	Gerald	1-(202)310-6969
Washington	DC	20310	etaylor4h@ovh.net	1 Killdeer Lane		Taylor	Eugene	1-(202)141-2842
Washington	DC	20319	egarciaak@narod.ru	4993 Texas Point		Garcia	Elizabeth	1-(202)585-4715
Washington	DC	20337	ewrightpu@cocolog-nifty.com	5810 Del Mar Park		Wright	Edward	1-(202)385-9561
Washington	DC	20370	pellislw@reference.com	23 Nancy Terrace		Ellis	Patricia	1-(202)978-1321
Washington	DC	20397	mrobertsong8@amazon.de	1667 Express Place		Robertson	Mildred	1-(202)682-2902
Washington	DC	20442	jburtonkx@g.co	86055 Melrose Parkway		Burton	Jose	1-(202)536-8904
Washington	DC	20503	tolson5e@tripod.com	1 Donald Crossing		Olson	Tammy	1-(202)225-5481
Washington	DC	20503	vparkerln@live.com	03 Longview Junction		Parker	Virginia	1-(202)907-2901
Washington	DC	20520	lwilsonw@twitter.com	59320 Sachtjen Junction		Wilson	Lisa	1-(202)228-4775
Washington	DC	20530	mcunninghamh2@statcounter.com	331 8th Junction		Cunningham	Matthew	1-(202)500-3153
Washington	DC	20546	acarrollnb@gnu.org	10120 Thompson Terrace		Carroll	Anthony	1-(202)727-1330
Washington	DC	20551	bpetersar@dedecms.com	117 Golf Road		Peters	Betty	1-(202)963-7484
Washington	DC	20557	bmartinez9q@smh.com.au	86771 Laurel Road		Martinez	Bobby	1-(202)833-4532
Washington	DC	20580	mperkins7p@yolasite.com	7073 Toban Point		Perkins	Mark	1-(202)992-5597
Washington	DC	20591	mpalmerqb@chron.com	517 Schurz Plaza		Palmer	Michael	1-(202)131-2842
Washington	DC	20599	rchapman8b@archive.org	025 Magdeline Park		Chapman	Ruth	1-(202)799-5996
Washington	DC	20599	cjones4z@lulu.com	715 Melody Street		Jones	Christine	1-(202)200-0642
Laurel	MD	20709	slawson7z@cornell.edu	71271 Loeprich Trail		Lawson	Steven	1-(301)250-4435
Bowie	MD	20719	jharrisq7@tinypic.com	90481 Londonderry Terrace		Harris	Jimmy	1-(240)835-3724
Bethesda	MD	20816	gmurphy77@about.me	8 Coleman Parkway		Murphy	George	1-(202)467-1279
Gaithersburg	MD	20883	dhugheset@theguardian.com	89112 Eggendart Street		Hughes	Dennis	1-(240)824-1679
Bethesda	MD	20892	dkingld@i2i.jp	63 5th Point		King	Diane	1-(301)462-6279
Silver Spring	MD	20904	pbennett1y@t-online.de	1 Morning Trail		Bennett	Philip	1-(301)616-6731
Silver Spring	MD	20904	bwilliams1w@icq.com	331 Lindbergh Pass		Williams	Brian	1-(410)521-4982
Silver Spring	MD	20904	ayoungb8@slashdot.org	8 Grim Park		Young	Amy	1-(240)990-1575
Silver Spring	MD	20910	ewestna@freewebs.com	91 Arkansas Pass		West	Eugene	1-(240)969-5363
Silver Spring	MD	20918	jthomasez@wikia.com	26265 Bartillon Plaza		Thomas	Joseph	1-(240)374-3130
Baltimore	MD	21211	mburkema@unc.edu	5 Prentice Parkway		Burke	Marie	1-(410)181-3254
Baltimore	MD	21229	mgomezp2@stumbleupon.com	581 Novick Way		Gomez	Martin	1-(410)438-7225
Baltimore	MD	21281	cspencerm4@unblog.fr	6 Chinook Junction		Spencer	Carl	1-(410)355-9535
Baltimore	MD	21290	dpalmer4x@newsvine.com	24012 Claremont Plaza		Palmer	Denise	1-(410)151-7003
Annapolis	MD	21405	sgonzalesku@businesswire.com	2 Fairfield Pass		Gonzales	Stephanie	1-(443)579-4881
Ridgely	MD	21684	eadams30@census.gov	63 Milwaukee Point		Adams	Eugene	1-(410)377-3428
Ridgely	MD	21684	jspencery@nyu.edu	15392 Portage Alley		Spencer	Jesse	1-(410)610-3718
Frederick	MD	21705	djordanrl@intel.com	403 Clemons Court		Jordan	Dennis	1-(240)445-1577
Frederick	MD	21705	jnelson6b@yahoo.com	92154 Grayhawk Circle		Nelson	Joshua	1-(240)881-9355
Reston	VA	22096	nbaker91@360.cn	68 Thackeray Terrace		Baker	Nicole	1-(571)870-0174
Springfield	VA	22156	psimsir@un.org	319 Lakewood Gardens Circle		Sims	Phyllis	1-(571)646-5848
Arlington	VA	22212	dbowmanqy@pen.io	72 Clyde Gallagher Alley		Bowman	Dennis	1-(571)313-9371
Arlington	VA	22212	dnguyenri@boston.com	220 Elgar Pass		Nguyen	Donna	1-(571)346-1170
Arlington	VA	22212	fsimmonsiv@businessweek.com	32438 Pennsylvania Crossing		Simmons	Frances	1-(571)776-0661
Arlington	VA	22217	jsandersis@google.pl	435 Ridgeview Way		Sanders	Johnny	1-(571)174-0813
Arlington	VA	22234	afrazierb6@usnews.com	8691 Buell Crossing		Frazier	Adam	1-(571)850-4840
Arlington	VA	22234	lmorenodh@oakley.com	48357 Bay Drive		Moreno	Larry	1-(571)521-3832
Alexandria	VA	22301	rdunnl0@engadget.com	9 Aberg Trail		Dunn	Rachel	1-(202)816-7095
Alexandria	VA	22301	djohnston90@utexas.edu	64 Pawling Lane		Johnston	Diana	1-(202)976-5124
Alexandria	VA	22309	wchapman7v@tripadvisor.com	145 Golf View Hill		Chapman	Wanda	1-(202)371-5253
Alexandria	VA	22309	rellis4u@bandcamp.com	599 Fordem Trail		Ellis	Ruby	1-(703)563-5372
Alexandria	VA	22313	rcarroll45@a8.net	56172 Southridge Parkway		Carroll	Ralph	1-(571)726-5051
fbakerbq@auda.org.au	VA	22405	fbakerbq@auda.org.au	3912 Hazelcrest Alley	Apt. 30	Baker	Frances	1-(540)399-1404
Charlottesville	VA	22903	rmontgomery5t@plala.or.jp	39 Farmco Parkway		Montgomery	Ronald	1-(540)330-3850
Charlottesville	VA	22908	afoxjq@imageshack.us	9183 Scott Terrace		Fox	Ann	1-(434)694-7778
Charlottesville	VA	22908	sjordan7k@salon.com	954 Mendota Circle		Jordan	Samuel	1-(434)376-9092
Richmond	VA	23203	wbryantgh@sogou.com	21702 Prairie Rose Plaza		Bryant	Wayne	1-(804)634-4126
Richmond	VA	23213	cromeron5@shareasale.com	7 Goodland Pass		Romero	Clarence	1-(804)346-8262
Richmond	VA	23220	mgreenemg@prweb.com	60565 Petterle Hill		Greene	Michael	1-(804)803-4669
Richmond	VA	23225	drodriguezd0@pcworld.com	539 Gina Center		Rodriguez	Denise	1-(540)529-8972
Richmond	VA	23228	ahansenil@irs.gov	9597 Blaine Point		Hansen	Aaron	1-(804)213-4524
Richmond	VA	23237	eday47@trellian.com	77 Moland Court		Day	Evelyn	1-(804)489-2109
Richmond	VA	23272	adixonrk@nature.com	32085 Carberry Road		Dixon	Adam	1-(804)879-4203
Virginia Beach	VA	23459	tmyersc6@wsj.com	81599 Colorado Alley		Myers	Timothy	1-(757)156-9510
Virginia Beach	VA	23471	eryanem@yellowpages.com	8628 Arrowood Way		Ryan	Emily	1-(757)764-4435
Virginia Beach	VA	23471	svasquez8d@hibu.com	3 Lien Street		Vasquez	Stephen	1-(757)757-4452
Norfolk	VA	23509	ewarren1k@studiopress.com	124 Valley Edge Junction		Warren	Edward	1-(757)263-3182
Newport News	VA	23605	arichardseu@netscape.com	9 Northport Plaza		Richards	Amy	1-(757)593-6879
Hampton	VA	23668	aleeos@addthis.com	088 Everett Junction		Lee	Anthony	1-(757)649-4185
Hampton	VA	23668	ereynoldsa3@time.com	965 1st Parkway		Reynolds	Eugene	1-(757)914-7217
Portsmouth	VA	23705	schavezce@taobao.com	68 Hauk Road		Chavez	Sean	1-(757)389-9134
Portsmouth	VA	23705	clawrencegz@rambler.ru	04 Ridgeview Alley		Lawrence	Christopher	1-(757)479-7944
Roanoke	VA	24009	eallen4e@unesco.org	059 Calypso Parkway		Allen	Earl	1-(540)318-0644
Roanoke	VA	24024	bcooperl8@wsj.com	051 Warner Park		Cooper	Billy	1-(540)199-7638
Roanoke	VA	24029	erossht@ow.ly	5 Delladonna Pass		Ross	Ernest	1-(540)228-3788
Roanoke	VA	24034	creynoldsng@columbia.edu	0 Tony Trail		Reynolds	Carolyn	1-(540)978-4729
Charleston	WV	25305	rjacksonjn@mac.com	1376 Prairie Rose Center		Jackson	Ruth	1-(304)742-1964
Charleston	WV	25305	rwhiteh1@answers.com	6419 5th Way		White	Roger	1-(304)327-7185
Charleston	WV	25313	kbarnesod@github.com	5604 Springview Street		Barnes	Kathryn	1-(304)845-9069
Charleston	WV	25326	jboydn@123-reg.co.uk	773 Michigan Lane		Boyd	Jerry	1-(304)142-3731
Charleston	WV	25326	jsmithhi@telegraph.co.uk	455 Corben Way		Smith	Joan	1-(304)691-1802
Charleston	WV	25356	thamilton3l@amazon.co.uk	70498 Holmberg Point		Hamilton	Tammy	1-(304)802-7618
Huntington	WV	25705	wcunninghamed@blogtalkradio.com	427 Acker Avenue		Cunningham	Willie	1-(304)251-6370
Huntington	WV	25705	rgarzada@harvard.edu	3 Hagan Avenue		Garza	Randy	1-(304)800-9690
Huntington	WV	25716	nandrewsqi@jalbum.net	756 Holmberg Plaza		Andrews	Nicholas	1-(304)233-5416
Huntington	WV	25721	tburns2i@stumbleupon.com	5 Almo Road		Burns	Terry	1-(304)700-2748
Huntington	WV	25721	jrichards82@techcrunch.com	52965 Dennis Park		Richards	Judy	1-(304)499-7565
Huntington	WV	25770	jmoreno22@addtoany.com	2631 Comanche Way		Moreno	Janice	1-(304)665-8933
Huntington	WV	25775	arosem8@sourceforge.net	40352 Holy Cross Street		Rose	Anne	1-(304)492-1717
Winston Salem	NC	27110	ncrawford2p@weibo.com	9032 Lindbergh Street		Crawford	Nicole	1-(336)361-9280
Winston Salem	NC	27116	jcunninghameh@google.it	53475 Manufacturers Alley		Cunningham	Jeremy	1-(336)826-3016
Winston Salem	NC	27116	gdavisqr@csmonitor.com	2411 Haas Circle		Davis	George	1-(336)634-6026
Winston Salem	NC	27116	rhanson37@typepad.com	88744 Buell Park		Hanson	Russell	1-(336)704-0534
Winston Salem	NC	27157	emitchellp4@studiopress.com	26418 Monica Road		Mitchell	Edward	1-(336)440-0153
High Point	NC	27264	jwatsonkm@blogspot.com	2258 Pennsylvania Court		Watson	Judy	1-(336)637-1117
Greensboro	NC	27499	bcastillo9a@1688.com	4717 Lighthouse Bay Street		Castillo	Bonnie	1-(336)643-9986
Raleigh	NC	27610	vdayf7@163.com	00605 Crescent Oaks Road		Day	Virginia	1-(919)412-1404
Raleigh	NC	27610	jjackson4a@flavors.me	40063 Bultman Pass		Jackson	Judy	1-(919)104-2850
Raleigh	NC	27615	jhughes5v@joomla.org	36268 Southridge Circle		Hughes	John	1-(919)134-3244
Raleigh	NC	27615	jrichards8e@homestead.com	76 Heath Road		Richards	Janice	1-(919)554-1895
Raleigh	NC	27621	rmoralesbr@blog.com	334 Arrowood Road		Morales	Robert	1-(919)153-1787
Gastonia	NC	28055	aberry44@wikispaces.com	497 Oak Valley Street		Berry	Annie	1-(704)700-3867
Gastonia	NC	28055	sbrownm9@eventbrite.com	00601 Jenna Plaza		Brown	Stephen	1-(704)792-1361
Charlotte	NC	28205	jgreeneb2@arizona.edu	6149 Lakeland Drive		Greene	Jimmy	1-(704)242-8867
Charlotte	NC	28205	rhansen5j@scientificamerican.com	922 Forest Dale Circle		Hansen	Robert	1-(704)102-2281
Charlotte	NC	28205	dstoneah@howstuffworks.com	12 North Point		Stone	Denise	1-(704)690-6329
Charlotte	NC	28215	jwilliamson@nydailynews.com	79323 Farragut Way		Williams	John	1-(704)179-1592
Charlotte	NC	28220	iandersonie@yelp.com	1 Donald Street		Anderson	Irene	1-(704)224-6121
Charlotte	NC	28230	jlee65@hud.gov	72 Barnett Road		Lee	Janice	1-(704)900-0529
Charlotte	NC	28235	randrewsq1@github.io	56264 Debra Drive		Andrews	Ruby	1-(704)333-0269
Charlotte	NC	28235	dhawkinsgx@google.co.uk	73894 Village Green Trail		Hawkins	Daniel	1-(704)590-3316
Charlotte	NC	28235	mlongo5@nytimes.com	7666 Redwing Crossing		Long	Mark	1-(704)258-4119
Charlotte	NC	28263	ablacka0@epa.gov	535 Evergreen Point		Black	Amy	1-(704)266-9967
Charlotte	NC	28272	dlittle4s@amazon.com	59 Continental Junction		Little	Doris	1-(704)806-4370
Charlotte	NC	28289	bcoxqe@wired.com	41 Holy Cross Park		Cox	Benjamin	1-(704)486-4480
Charlotte	NC	28299	along27@seesaa.net	68085 Loftsgordon Drive		Long	Anna	1-(704)638-2422
Fayetteville	NC	28305	lmyers5o@sciencedirect.com	5 Union Lane		Myers	Larry	1-(910)384-4912
Fayetteville	NC	28314	mfloresql@pinterest.com	353 Sycamore Hill		Flores	Mildred	1-(910)638-4441
Fayetteville	NC	28314	jlopezcu@weebly.com	172 Huxley Pass		Lopez	Janice	1-(910)749-5695
Wilmington	NC	28405	tgrantd5@pagesperso-orange.fr	83349 Bluestem Avenue		Grant	Theresa	1-(910)191-7544
Columbia	SC	29203	jjacksonck@deliciousdays.com	40 Warbler Terrace		Jackson	Jean	1-(803)445-9821
Columbia	SC	29215	jrodriguezrq@wikia.com	64568 Canary Avenue		Rodriguez	Jennifer	1-(803)724-0577
Columbia	SC	29225	wstevenslj@uiuc.edu	45466 Leroy Hill		Stevens	Wayne	1-(803)104-8971
Spartanburg	SC	29319	pcollinspn@last.fm	53 Fieldstone Center		Collins	Paula	1-(864)775-2580
Charleston	SC	29416	jjonesii@e-recht24.de	50 Springs Hill		Jones	Janet	1-(843)251-0823
Greenville	SC	29605	thicksne@privacy.gov.au	632 American Ash Hill		Hicks	Thomas	1-(864)907-4530
Aiken	SC	29805	bpriceoj@google.co.jp	22 Hansons Trail		Price	Billy	1-(803)170-1663
Beaufort	SC	29905	jwheeler9v@newsvine.com	50023 Harper Place		Wheeler	Jennifer	1-(843)489-9448
Lawrenceville	GA	30045	mmasonhb@psu.edu	275 La Follette Alley		Mason	Mary	1-(404)329-8906
Marietta	GA	30061	ccruzb@usda.gov	65186 Northfield Hill		Cruz	Cynthia	1-(770)362-3126
Duluth	GA	30096	blong9t@blogger.com	25 Lawn Crossing		Long	Betty	1-(678)573-7037
Lawrenceville	GA	30245	dcarpenter2s@photobucket.com	533 Eagle Crest Plaza		Carpenter	Doris	1-(404)768-5204
Atlanta	GA	30306	jmyers7i@php.net	6450 Lake View Street		Myers	Jonathan	1-(678)640-9405
Atlanta	GA	30316	rjackson8q@blogspot.com	4011 Dawn Drive		Jackson	Ryan	1-(404)140-4743
Atlanta	GA	30316	msanchezqm@time.com	34 Mesta Place		Sanchez	Mary	1-(770)538-9281
Atlanta	GA	30323	swilliamson9i@admin.ch	74 Pepper Wood Alley		Williamson	Scott	1-(770)523-6551
Atlanta	GA	30328	wmyersf9@yahoo.co.jp	469 Bonner Trail		Myers	Wayne	1-(678)451-4072
Atlanta	GA	30340	jjacobs6a@blinklist.com	3364 Westridge Place		Jacobs	Judith	1-(770)511-7243
Atlanta	GA	30340	eturner6k@stumbleupon.com	838 Warbler Place		Turner	Eugene	1-(404)640-6927
Atlanta	GA	30343	tpricez@xing.com	93 Haas Center		Price	Thomas	1-(404)941-9419
Atlanta	GA	30351	mcarrro@mlb.com	0 8th Place		Carr	Maria	1-(404)860-4022
Atlanta	GA	30368	kmillsr8@friendfeed.com	26561 Tomscot Way		Mills	Kimberly	1-(404)950-9949
Atlanta	GA	30375	kwilliamson18@barnesandnoble.com	441 Novick Drive		Williamson	Kevin	1-(404)403-1628
Atlanta	GA	30380	sdixonle@vk.com	59494 Towne Place		Dixon	Susan	1-(404)660-0077
Atlanta	GA	30380	jwagner72@usa.gov	43 Hoard Avenue		Wagner	Jennifer	1-(404)713-1614
Atlanta	GA	30380	ewashington8w@nifty.com	26 Swallow Junction		Washington	Earl	1-(404)918-4997
Atlanta	GA	30380	kwatsonmv@prweb.com	2416 Lotheville Alley		Watson	Kevin	1-(404)896-4879
Augusta	GA	30905	kwagnerhd@about.me	08808 East Court		Wagner	Kathryn	1-(706)830-6134
Atlanta	GA	31106	cmyerspw@latimes.com	8795 Monument Avenue		Myers	Christine	1-(404)351-7471
Atlanta	GA	31106	cwilliamson9h@foxnews.com	61 Delladonna Junction		Williamson	Cynthia	1-(404)982-6556
Atlanta	GA	31119	smorenopx@globo.com	1 Monterey Way		Moreno	Sara	1-(770)775-9629
Atlanta	GA	31119	pwilliamsonc0@java.com	4 Farmco Parkway		Williamson	Patricia	1-(770)199-3649
Atlanta	GA	31136	jgilberte3@time.com	04 Linden Road		Gilbert	Janet	1-(404)712-5652
Atlanta	GA	31165	jbrown6f@edublogs.org	04567 Little Fleur Point		Brown	Jesse	1-(404)487-1141
Atlanta	GA	31196	dgreene7o@ca.gov	8 Sloan Court		Greene	Debra	1-(404)319-8068
Atlanta	GA	31196	hwardoz@dailymail.co.uk	3 Paget Plaza		Ward	Helen	1-(404)427-8458
Macon	GA	31217	kwelch9w@ycombinator.com	041 Dayton Road		Welch	Keith	1-(478)997-5680
Savannah	GA	31405	msimsjw@mayoclinic.com	491 Loeprich Park		Sims	Mary	1-(912)183-8830
Savannah	GA	31410	erichardsfn@biglobe.ne.jp	03658 Toban Road		Richards	Elizabeth	1-(912)762-5825
Valdosta	GA	31605	jramirezd7@europa.eu	99 Del Mar Drive		Ramirez	Janet	1-(229)177-7854
Daytona Beach	FL	32118	sgrantbs@imageshack.us	91 Dwight Street		Grant	Scott	1-(386)973-7013
Jacksonville	FL	32204	rwilson3y@mac.com	9 Forest Dale Way		Wilson	Rebecca	1-(904)656-4573
Jacksonville	FL	32209	nmontgomery92@adobe.com	69 Monterey Plaza		Montgomery	Nancy	1-(904)740-0252
Jacksonville	FL	32215	kschmidtc@ebay.co.uk	316 Vidon Terrace		Schmidt	Kimberly	1-(904)643-7250
Jacksonville	FL	32225	jmoreno28@cyberchimps.com	9 Vernon Road		Moreno	Jason	1-(904)624-3544
Jacksonville	FL	32230	lbrownme@uol.com.br	534 Knutson Trail		Brown	Linda	1-(904)580-8731
Jacksonville	FL	32255	dwelch9e@oaic.gov.au	219 Service Pass		Welch	David	1-(904)337-4512
Jacksonville	FL	32277	dscott74@mediafire.com	166 Memorial Terrace		Scott	Deborah	1-(904)602-8079
Tallahassee	FL	32314	cdaniels15@gravatar.com	6242 Johnson Hill		Daniels	Cynthia	1-(850)145-6931
Panama City	FL	32412	agrant8a@goo.gl	582 Corry Drive		Grant	Arthur	1-(850)619-0529
Pensacola	FL	32511	kmartinc1@fastcompany.com	62827 Roth Drive		Martin	Kathy	1-(850)514-8779
Pensacola	FL	32526	tharperns@jigsy.com	73984 Jay Circle		Harper	Timothy	1-(850)369-2996
Pensacola	FL	32526	bmoraleskz@washingtonpost.com	10255 Grim Park		Morales	Bruce	1-(850)260-6154
Pensacola	FL	32595	agarcia9m@bing.com	6 Hudson Drive		Garcia	Annie	1-(850)694-6202
Pensacola	FL	32595	jportercf@mlb.com	77 Summit Way		Porter	Jeremy	1-(850)298-1494
Gainesville	FL	32627	bwoods56@ft.com	47689 Fairview Street		Woods	Bonnie	1-(352)619-7196
Orlando	FL	32813	rdean2g@redcross.org	9278 Rieder Point		Dean	Roger	1-(321)179-5184
Orlando	FL	32819	mmorrisp@acquirethisname.com	862 Badeau Hill		Morris	Marilyn	1-(407)999-1412
Orlando	FL	32830	adavisac@ycombinator.com	86771 Sugar Trail		Davis	Antonio	1-(407)404-6401
Orlando	FL	32859	sgrantmq@about.com	36 Washington Street		Grant	Sean	1-(407)216-6637
Vero Beach	FL	32969	dmccoy4r@about.com	12 Marquette Road		Mccoy	Donna	1-(772)591-9407
Hialeah	FL	33018	arichards64@tumblr.com	757 Monument Drive		Richards	Anthony	1-(786)257-4575
Hollywood	FL	33028	sadams4b@cdc.gov	73807 Hollow Ridge Hill		Adams	Stephanie	1-(954)374-4602
Homestead	FL	33034	rgriffinh@tinypic.com	05778 Transport Court		Griffin	Raymond	1-(305)225-3824
Homestead	FL	33034	jowensm0@gov.uk	5 Northview Park		Owens	Jeffrey	1-(786)173-0693
Pompano Beach	FL	33075	jrussellm6@sphinn.com	2267 Sachs Center		Russell	Juan	1-(754)456-5358
Miami	FL	33111	farnold38@samsung.com	739 Quincy Center		Arnold	Frank	1-(786)265-9254
Miami	FL	33134	chart3p@theatlantic.com	4 Northland Court		Hart	Chris	1-(305)413-1629
Miami Beach	FL	33141	wchavezio@youku.com	08032 Prairieview Pass		Chavez	Willie	1-(305)710-6821
Miami Beach	FL	33141	ghicksi0@mtv.com	631 Luster Plaza		Hicks	Gregory	1-(305)763-2644
Miami Beach	FL	33141	cwhiteov@51.la	6993 Anzinger Point		White	Cynthia	1-(305)843-4920
Miami	FL	33175	fbakerhk@facebook.com	095 Corben Trail		Baker	Fred	1-(305)235-0517
Miami	FL	33180	bbryant3j@newsvine.com	1 Sutteridge Lane		Bryant	Bruce	1-(305)938-7464
Miami	FL	33180	jrobinsonom@imgur.com	6705 Toban Plaza		Robinson	Judith	1-(305)621-6462
Miami	FL	33190	phallja@nih.gov	1155 Monterey Crossing		Hall	Paul	1-(305)617-3649
Miami	FL	33190	dramos6t@freewebs.com	25421 Welch Park		Ramos	Dorothy	1-(305)728-6470
Fort Lauderdale	FL	33325	wlopez2b@census.gov	031 Rockefeller Crossing		Lopez	Wanda	1-(954)659-6871
Fort Lauderdale	FL	33330	npiercehz@csmonitor.com	1617 Pine View Alley		Pierce	Norma	1-(954)692-2627
West Palm Beach	FL	33405	mperryrj@blogs.com	05 Elmside Terrace		Perry	Matthew	1-(772)545-2196
West Palm Beach	FL	33405	jrussell7l@mozilla.org	572 Rusk Pass		Russell	Jean	1-(561)829-2754
West Palm Beach	FL	33411	sbellg1@e-recht24.de	2 Village Green Point		Bell	Steven	1-(561)546-1671
West Palm Beach	FL	33421	hlongch@miibeian.gov.cn	2 Declaration Street		Long	Heather	1-(561)702-2334
Tampa	FL	33680	jricelg@ca.gov	5719 Nobel Parkway		Rice	Julie	1-(813)152-6203
Tampa	FL	33686	chansendx@apache.org	2956 Novick Street		Hansen	Carl	1-(813)295-5944
Tampa	FL	33686	cmorrison7j@home.pl	14 3rd Way		Morrison	Carl	1-(813)600-8053
Saint Petersburg	FL	33705	bjohnsonho@go.com	59 Bayside Crossing		Johnson	Bruce	1-(727)241-2504
Saint Petersburg	FL	33705	jlarsonh3@dagondesign.com	950 Eagle Crest Junction		Larson	Jeffrey	1-(813)269-0565
Saint Petersburg	FL	33705	mwallaceg6@g.co	330 Waubesa Street		Wallace	Mary	1-(727)586-9577
Saint Petersburg	FL	33710	mstephensnr@themeforest.net	946 Derek Hill		Stephens	Melissa	1-(727)425-3513
Saint Petersburg	FL	33742	lmontgomery6x@alexa.com	032 Novick Pass		Montgomery	Laura	1-(727)313-6977
Clearwater	FL	33758	eramirezgy@cafepress.com	155 Mccormick Street		Ramirez	Eric	1-(813)542-1591
Lakeland	FL	33811	cwarrenp9@newyorker.com	6 Arapahoe Circle		Warren	Cynthia	1-(863)431-4215
Winter Haven	FL	33884	myoung53@ifeng.com	5 Forest Place		Young	Mark	1-(863)745-3658
Fort Myers	FL	33906	carnold2d@wp.com	555 Oriole Alley		Arnold	Charles	1-(239)713-4478
Fort Myers	FL	33906	nedwardsk4@google.fr	34 Anzinger Court		Edwards	Nicholas	1-(239)420-2222
Fort Myers	FL	33906	bgeorgekg@jugem.jp	59 Gerald Crossing		George	Brian	1-(239)764-4104
Fort Myers	FL	33994	athomasef@reference.com	59949 Orin Way		Thomas	Amanda	1-(239)543-5915
Naples	FL	34114	bdunn8v@thetimes.co.uk	71896 5th Hill		Dunn	Bonnie	1-(239)895-9232
Naples	FL	34114	bwrightr2@utexas.edu	441 Straubel Alley		Wright	Bruce	1-(239)282-4127
aadamsjr@google.ru	FL	34135	aadamsjr@google.ru	4 Fallview Parkway		AdamsTEST2	Amy	1-(941)711-7597
Bonita Springs	FL	34135	rlopezk0@unicef.org	0 Dapin Alley		Lopez	Russell	1-(941)633-7077
Bonita Springs	FL	34135	nstanleyjc@scribd.com	995 Rockefeller Terrace		Stanley	Nicholas	1-(941)441-3657
Sarasota	FL	34238	aberryix@pinterest.com	04741 Bunting Terrace		Berry	Angela	1-(941)413-1229
North Port	FL	34290	cshaw98@hubpages.com	14 Cottonwood Alley		Shaw	Cynthia	1-(941)481-5756
Ocala	FL	34474	ljacksonfr@jimdo.com	73937 Dwight Point		Jackson	Laura	1-(352)901-2491
Ocala	FL	34474	nkelleyli@cbsnews.com	954 Coleman Lane		Kelley	Nicholas	1-(352)252-3859
Ocala	FL	34474	npowellgb@uiuc.edu	7091 Golf View Court		Powell	Nicholas	1-(352)230-8925
Ocala	FL	34474	rtorreshc@bluehost.com	98 Acker Crossing		Torres	Ruby	1-(352)400-3535
Ocala	FL	34479	jhayeso1@google.it	736 Pennsylvania Center		Hayes	Jose	1-(352)913-7270
Clearwater	FL	34620	wlawson10@virginia.edu	8650 Huxley Park		Lawson	Willie	1-(727)260-5012
Clearwater	FL	34620	areed5b@naver.com	31339 Truax Trail		Reed	Anne	1-(727)330-9287
Largo	FL	34643	rfoster12@simplemachines.org	15 Norway Maple Avenue		Foster	Rachel	1-(727)968-3180
Fort Pierce	FL	34949	mandrewsa1@g.co	18504 3rd Hill		Andrews	Marilyn	1-(772)617-3219
Fort Pierce	FL	34981	lthompsonl2@foxnews.com	7 Fallview Hill		Thompson	Linda	1-(772)178-4832
Birmingham	AL	35205	ggordonc4@1und1.de	4 Merchant Road		Gordon	George	1-(205)553-9928
Birmingham	AL	35220	dgrant4i@histats.com	58928 Ryan Drive		Grant	Douglas	1-(205)986-4600
Birmingham	AL	35220	jmurrayc5@chicagotribune.com	269 Esch Crossing		Murray	Julia	1-(205)984-4844
Birmingham	AL	35220	aruizkr@aboutads.info	463 Thackeray Crossing		Ruiz	Alan	1-(205)538-1948
Birmingham	AL	35220	swellsky@simplemachines.org	72 Menomonie Trail		Wells	Steve	1-(205)342-0914
Birmingham	AL	35225	jwatson35@lycos.com	37 Badeau Hill		Watson	Joyce	1-(205)721-8768
Birmingham	AL	35242	rcooperfl@pagesperso-orange.fr	6413 Merry Avenue		Cooper	Ruby	1-(205)122-2289
Birmingham	AL	35244	mhart4v@exblog.jp	92133 Sloan Terrace		Hart	Mark	1-(205)879-6168
Birmingham	AL	35244	aperry7e@4shared.com	65792 Fordem Plaza		Perry	Antonio	1-(205)245-9876
Birmingham	AL	35254	mtaylorb7@google.co.uk	86495 Pearson Street		Taylor	Martha	1-(205)340-5222
Birmingham	AL	35263	hjackson1o@si.edu	45 Ruskin Point		Jackson	Helen	1-(205)941-7187
Birmingham	AL	35263	rmccoyd3@qq.com	871 Raven Road		Mccoy	Ronald	1-(205)800-5535
Huntsville	AL	35810	jreedc8@skype.com	5 Monument Court		Reed	Jesse	1-(256)544-8071
Huntsville	AL	35815	hscott6n@globo.com	2647 Derek Drive		Scott	Henry	1-(256)909-3521
Gadsden	AL	35905	jcarter6r@ihg.com	160 Hanover Court		Carter	Jeremy	1-(256)606-9770
Montgomery	AL	36104	schapmanjy@dedecms.com	187 Pennsylvania Parkway		Chapman	Shawn	1-(334)531-3177
Montgomery	AL	36104	boliver8i@shinystat.com	21282 5th Street		Oliver	Bonnie	1-(334)131-5484
Montgomery	AL	36134	cbryantdg@berkeley.edu	8 Cordelia Park		Bryant	Christine	1-(334)786-6043
Montgomery	AL	36134	tlane1x@apache.org	2968 Larry Place		Lane	Todd	1-(334)378-3338
Murfreesboro	TN	37131	jfowlero6@g.co	79 Knutson Hill		Fowler	Jane	1-(615)940-3920
Murfreesboro	TN	37131	sfoxkp@jigsy.com	15044 Summer Ridge Avenue		Fox	Susan	1-(615)403-5631
Nashville	TN	37210	bdaybi@washington.edu	5918 Declaration Parkway		Day	Brenda	1-(615)766-0571
Nashville	TN	37215	mleeqo@nytimes.com	61 Old Shore Alley		Lee	Margaret	1-(615)236-7825
Nashville	TN	37240	cgonzalezkh@webnode.com	4 Division Pass		Gonzalez	Carol	1-(615)421-0734
Nashville	TN	37240	mvasquezpz@technorati.com	56 Fulton Way		Vasquez	Maria	1-(615)452-5578
Chattanooga	TN	37405	klittlefs@unesco.org	00 Old Shore Point		Little	Kimberly	1-(423)940-2998
Chattanooga	TN	37416	lhayescr@mozilla.org	97 Golden Leaf Place		Hayes	Larry	1-(423)769-6142
Johnson City	TN	37605	erichards3m@ebay.com	8 Mandrake Terrace		Richards	Evelyn	1-(423)527-2779
Kingsport	TN	37665	breedgn@icq.com	7624 Clove Junction		Reed	Bonnie	1-(423)967-5924
Knoxville	TN	37995	eholmesqq@homestead.com	816 Lake View Circle		Holmes	Ernest	1-(865)350-7076
Memphis	TN	38104	smendoza8p@cnn.com	0555 Badeau Lane		Mendoza	Stephanie	1-(901)849-6564
Memphis	TN	38104	dperkinsh7@illinois.edu	47 Manufacturers Street		Perkins	Denise	1-(615)105-9692
Memphis	TN	38109	rwheelern1@csmonitor.com	40 Oneill Pass		Wheeler	Ronald	1-(901)874-0762
Memphis	TN	38119	nstevensiy@freewebs.com	828 Lyons Plaza		Stevens	Nicholas	1-(615)312-8044
Memphis	TN	38131	aadamsq8@hatena.ne.jp	3583 Merry Lane		Adams	Andrew	1-(901)882-4527
Memphis	TN	38136	hcrawfordig@seattletimes.com	5656 Farmco Plaza		Crawford	Harold	1-(901)266-4703
Memphis	TN	38143	nperkinspv@npr.org	309 Manufacturers Crossing		Perkins	Nancy	1-(901)965-8364
Memphis	TN	38143	kstewartkl@salon.com	2 Vahlen Plaza		Stewart	Katherine	1-(901)376-7246
Memphis	TN	38181	vwillisnj@google.com	568 Orin Lane		Willis	Victor	1-(901)287-3791
Memphis	TN	38188	rpetersongc@ocn.ne.jp	29558 Warbler Junction		Peterson	Robert	1-(901)400-9826
Jackson	MS	39210	bgreen7n@webmd.com	3 Raven Drive		Green	Beverly	1-(601)505-5588
Jackson	MS	39210	awheelerep@taobao.com	7783 Donald Point		Wheeler	Amy	1-(601)402-0951
Jackson	MS	39236	adeano3@ning.com	976 Bartillon Crossing		Dean	Antonio	1-(601)731-6858
Jackson	MS	39282	athompson9g@marketwatch.com	377 Warbler Terrace		Thompson	Adam	1-(601)984-6069
Jackson	MS	39296	astonelu@mayoclinic.com	572 Muir Street		Stone	Anthony	1-(601)951-5437
Louisville	KY	40205	rmcdonald5k@woothemes.com	1 Summerview Drive		Mcdonald	Rachel	1-(502)592-4159
Louisville	KY	40250	awagner5a@microsoft.com	98627 Redwing Avenue		Wagner	Ann	1-(502)305-9384
Louisville	KY	40256	shernandezo@admin.ch	776 Little Fleur Alley		Hernandez	Sara	1-(502)711-8230
Louisville	KY	40280	mryanlz@chicagotribune.com	90334 Onsgard Avenue		Ryan	Michelle	1-(502)154-5885
Louisville	KY	40287	dgordonc9@paypal.com	0283 Logan Lane		Gordon	Dennis	1-(502)433-3514
Louisville	KY	40293	cmitchellbw@si.edu	60373 Forster Point		Mitchell	Craig	1-(502)416-1825
Louisville	KY	40298	rcastillooi@exblog.jp	40 Ryan Point		Castillo	Russell	1-(502)219-2663
Lexington	KY	40515	scoledr@weebly.com	41 Muir Crossing		Cole	Shirley	1-(859)331-4440
Lexington	KY	40515	jnichols83@behance.net	55026 5th Drive		Nichols	Jimmy	1-(859)111-2532
Lexington	KY	40546	lmatthewsby@home.pl	1515 Kedzie Lane		Matthews	Lois	1-(859)585-7435
Lexington	KY	40576	adeanjs@vimeo.com	749 Aberg Court		Dean	Aaron	1-(859)940-4863
Columbus	OH	43210	jrichardson99@cloudflare.com	5647 Hollow Ridge Plaza		Richardson	Jane	1-(614)416-9576
Columbus	OH	43220	cmartinez4c@npr.org	18 6th Road		Martinez	Carolyn	1-(614)768-0004
Columbus	OH	43240	sgarrettko@google.co.uk	342 Sugar Alley		Garrett	Steven	1-(614)238-9779
Columbus	OH	43240	jharrisonn6@msn.com	5008 Eagan Court		Harrison	Jane	1-(740)665-6792
Toledo	OH	43610	jdavisjl@nyu.edu	7872 Bluestem Place		Davis	Joyce	1-(419)565-7110
Toledo	OH	43615	triley76@lulu.com	58735 Trailsway Parkway		Riley	Tammy	1-(419)349-2210
Toledo	OH	43615	hsnyder9n@google.co.jp	57734 Drewry Lane		Snyder	Henry	1-(419)805-9730
Toledo	OH	43615	jstanleyi3@quantcast.com	58 Steensland Lane		Stanley	Jason	1-(419)882-4108
Toledo	OH	43699	tcarter6s@who.int	2663 Shopko Terrace		Carter	Timothy	1-(419)920-5082
Toledo	OH	43699	rjohnston54@tuttocitta.it	78510 Center Circle		Johnston	Robin	1-(419)113-6319
Cleveland	OH	44177	jwillis9b@blogtalkradio.com	0 Gina Park		Willis	Janice	1-(440)170-4073
Cleveland	OH	44185	jnguyenk@altervista.org	56622 Lighthouse Bay Avenue		Nguyen	Janice	1-(216)520-5091
Cleveland	OH	44185	apattersonk7@simplemachines.org	7 Cottonwood Center		Patterson	Aaron	1-(216)408-7679
Cleveland	OH	44197	dsullivanh8@discovery.com	9960 Rockefeller Pass		Sullivan	Debra	1-(216)394-2491
Akron	OH	44310	pwooda@freewebs.com	992 Eastwood Drive		Wood	Peter	1-(330)997-4739
Akron	OH	44315	jpricepe@unblog.fr	7 Marcy Way		Price	Jane	1-(330)696-6085
Akron	OH	44321	bharrisonca@nydailynews.com	57256 Londonderry Street		Harrison	Bruce	1-(330)414-0049
Akron	OH	44393	bferguson8j@gravatar.com	11378 Killdeer Junction		Ferguson	Brenda	1-(234)606-0434
Akron	OH	44393	lpayned1@soup.io	49 Dahle Parkway		Payne	Lori	1-(234)478-5227
Youngstown	OH	44505	showardq0@amazon.co.jp	956 Colorado Pass		Howard	Stephanie	1-(330)550-4762
Youngstown	OH	44511	mclarkeq@yelp.com	473 Hauk Avenue		Clark	Matthew	1-(330)375-4415
Cincinnati	OH	45228	pgrahamp6@oracle.com	2848 Muir Circle		Graham	Peter	1-(513)182-8947
Cincinnati	OH	45249	kgreenemc@blogspot.com	98 Memorial Way		Greene	Katherine	1-(513)510-3841
Cincinnati	OH	45264	mlopezpc@arstechnica.com	1 Summer Ridge Junction		Lopez	Margaret	1-(513)754-1555
Cincinnati	OH	45271	jtaylores@google.com.br	2457 Aberg Parkway		Taylor	Joyce	1-(513)628-0034
Cincinnati	OH	45296	aholmesd8@marketwatch.com	9 Dennis Lane		Holmes	Andrew	1-(513)203-3722
Dayton	OH	45408	tfox2h@boston.com	93581 Brickson Park Park		Fox	Theresa	1-(937)561-7269
Dayton	OH	45414	ggarciaff@msn.com	70 Loomis Lane		Garcia	Gregory	1-(937)688-8751
Dayton	OH	45426	gwestgd@sun.com	0459 Bartillon Way		West	George	1-(937)149-9069
Dayton	OH	45432	clane6p@nasa.gov	59161 Morrow Street		Lane	Craig	1-(937)133-8884
Dayton	OH	45440	jcook1d@bravesites.com	03960 Southridge Junction		Cook	Justin	1-(937)258-4944
Dayton	OH	45440	amartinrf@independent.co.uk	26 Nevada Crossing		Martin	Adam	1-(937)753-5258
Dayton	OH	45470	kparkerpo@people.com.cn	5166 Manufacturers Lane		Parker	Karen	1-(937)717-9723
Springfield	OH	45505	hhamiltonfi@google.pl	9661 Fieldstone Parkway		Hamilton	Harold	1-(937)341-8036
Lima	OH	45807	adayhy@deliciousdays.com	7017 Grasskamp Hill		Day	Aaron	1-(419)785-0553
Anderson	IN	46015	rwellspp@bandcamp.com	697 Northridge Hill		Wells	Rachel	1-(765)162-5977
Indianapolis	IN	46207	acarpenter9f@amazon.de	59122 Karstens Crossing		Carpenter	Alice	1-(317)593-8569
Indianapolis	IN	46207	areynolds1n@ihg.com	4 Mifflin Center		Reynolds	Amy	1-(317)819-2961
Indianapolis	IN	46221	charrisqf@loc.gov	009 Stoughton Court		Harris	Carlos	1-(317)501-3137
Indianapolis	IN	46278	jcooper1j@mediafire.com	64 Lakewood Gardens Lane		Cooper	James	1-(317)785-4123
South Bend	IN	46614	jrobertsonr0@psu.edu	700 Maryland Drive		Robertson	Joan	1-(574)733-4722
Fort Wayne	IN	46825	pwoods13@goo.gl	0632 Waywood Point		Woods	Phillip	1-(260)867-9122
Fort Wayne	IN	46852	jramos3n@nsw.gov.au	566 Maryland Road		Ramos	Jacqueline	1-(260)127-8622
Fort Wayne	IN	46867	jhicksqd@youku.com	4133 Center Parkway		Hicks	Julie	1-(260)105-9942
Fort Wayne	IN	46896	tfishern3@imgur.com	7 Hanson Trail		Fisher	Theresa	1-(260)469-9760
Bloomington	IN	47405	klawson5f@google.nl	59 Bowman Point		Lawson	Kelly	1-(812)660-8786
Evansville	IN	47705	candrewsdf@upenn.edu	408 Cordelia Drive		Andrews	Carlos	1-(812)572-8971
Evansville	IN	47712	jelliottb0@scientificamerican.com	236 Erie Parkway		Elliott	Justin	1-(812)775-9300
Evansville	IN	47712	dpeterse0@census.gov	6443 Village Junction		Peters	Donald	1-(812)621-3919
Terre Haute	IN	47805	vsanderse5@wikispaces.com	8323 Rusk Street		Sanders	Virginia	1-(812)524-1730
Terre Haute	IN	47812	jfordop@spiegel.de	3 Tennyson Terrace		Ford	Judy	1-(812)328-3956
Crawfordsville	IN	47937	edunnlv@slideshare.net	02703 Arrowood Park		Dunn	Earl	1-(765)178-8048
Dearborn	MI	48126	hramirez3r@soundcloud.com	57 La Follette Court		Ramirez	Howard	1-(313)121-3123
Detroit	MI	48206	hgreencb@twitter.com	070 Messerschmidt Street		Green	Howard	1-(313)737-5845
Detroit	MI	48206	wtaylor2y@360.cn	60 Eastwood Terrace		Taylor	Willie	1-(734)591-4290
Detroit	MI	48211	vhughespa@myspace.com	8576 Rutledge Plaza		Hughes	Victor	1-(313)629-4490
Detroit	MI	48211	clopez61@wikispaces.com	5 Briar Crest Plaza		Lopez	Catherine	1-(313)640-3586
Detroit	MI	48267	ekingkf@histats.com	653 Boyd Way		King	Earl	1-(313)472-7835
Detroit	MI	48267	ssmithla@oaic.gov.au	10 Calypso Drive		Smith	Steven	1-(313)661-6496
Detroit	MI	48295	jmillsdj@nih.gov	7 Cody Pass		Mills	Joan	1-(313)890-0203
Flint	MI	48555	kpierce8o@nps.gov	28 Meadow Ridge Center		Pierce	Kathleen	1-(810)616-5172
Flint	MI	48555	cspencerhn@fastcompany.com	4 Boyd Road		Spencer	Chris	1-(810)701-3375
Kalamazoo	MI	49006	lhowardaq@china.com.cn	41 Gerald Junction		Howard	Laura	1-(269)327-8301
Kalamazoo	MI	49048	lhicksjv@narod.ru	5 Mitchell Park		Hicks	Louise	1-(269)511-8123
Grand Rapids	MI	49505	jmills60@is.gd	196 Tomscot Drive		Mills	Jack	1-(616)888-0152
Grand Rapids	MI	49505	lschmidt7t@state.tx.us	93 Canary Avenue		Schmidt	Larry	1-(616)634-5773
Grand Rapids	MI	49544	cfrazier3q@nature.com	17983 Westend Place		Frazier	Carlos	1-(616)825-1399
Grand Rapids	MI	49544	jkennedypt@blog.com	18892 Waubesa Pass		Kennedy	Judy	1-(616)350-1458
Des Moines	IA	50310	mhenryey@alibaba.com	8181 Blue Bill Park Hill		Henry	Michael	1-(515)597-0123
Des Moines	IA	50310	bholmes3c@senate.gov	12951 Hauk Park		Holmes	Brian	1-(515)244-8481
Des Moines	IA	50315	jshaw9c@com.com	817 Transport Way		Shaw	Juan	1-(641)849-8015
Des Moines	IA	50320	sbradleyr7@chron.com	779 Nancy Junction		Bradley	Sandra	1-(515)908-1812
Des Moines	IA	50320	ccarpenter4k@irs.gov	1238 Coolidge Parkway		Carpenter	Cheryl	1-(515)344-5282
Des Moines	IA	50320	erogersdi@studiopress.com	1 Elmside Drive		Rogers	Earl	1-(515)879-9389
Des Moines	IA	50335	rmontgomeryot@cyberchimps.com	28900 Bellgrove Drive		Montgomery	Rachel	1-(515)676-0212
Des Moines	IA	50393	aharrisl9@webnode.com	17777 Fisk Circle		Harris	Ashley	1-(515)119-5230
Des Moines	IA	50393	aperezjx@google.it	89199 Kennedy Center		Perez	Amy	1-(515)471-5811
Waterloo	IA	50706	frobinson1s@usgs.gov	111 Reindahl Terrace		Robinson	Frank	1-(319)155-6627
Iowa City	IA	52245	cgonzaleshh@issuu.com	07404 5th Road		Gonzales	Cynthia	1-(319)392-6979
Cedar Rapids	IA	52410	kbakerqv@paginegialle.it	4475 Columbus Place		Baker	Kenneth	1-(319)964-3509
Davenport	IA	52804	dphillipsb3@liveinternet.ru	64834 Ridge Oak Trail		Phillips	Diane	1-(563)935-9211
Davenport	IA	52809	mmorganmn@sohu.com	63025 Gateway Junction		Morgan	Maria	1-(563)828-6341
Milwaukee	WI	53210	ekennedyg5@google.ru	62765 Oxford Street		Kennedy	Edward	1-(414)828-5587
Milwaukee	WI	53277	cscottog@livejournal.com	76733 Dakota Trail		Scott	Craig	1-(414)220-0926
Racine	WI	53405	scarpenterbn@columbia.edu	08715 Granby Trail		Carpenter	Samuel	1-(262)568-2531
Racine	WI	53405	egeorgebp@weebly.com	83191 1st Place		George	Ernest	1-(262)137-7644
Madison	WI	53705	smiller9s@furl.net	9351 Mariners Cove Park		Miller	Shawn	1-(608)451-6395
Madison	WI	53710	bcruz26@nature.com	21 Buell Park		Cruz	Brenda	1-(608)554-0852
fgray75@google.de	WI	53716	fgray75@google.de	198 Crownhardt Lane	Apt. 30	Gray	Fred	1-(608)240-4670
Madison	WI	53716	dolivern2@google.es	49 Chive Point		Oliver	Diana	1-(608)502-2612
Madison	WI	53726	mlanek6@homestead.com	0992 Schmedeman Junction		Lane	Mark	1-(608)377-4312
Madison	WI	53779	blynchmm@goo.gl	870 Amoth Terrace		Lynch	Bruce	1-(608)949-8484
Madison	WI	53790	brivera46@ed.gov	99 Maple Hill		Rivera	Brenda	1-(608)796-0191
Appleton	WI	54915	mjohnstonk3@tinyurl.com	3 Dawn Way		Johnston	Margaret	1-(920)407-6825
Saint Paul	MN	55108	ihamiltonjj@vistaprint.com	31 Bay Street		Hamilton	Irene	1-(651)135-1085
Saint Paul	MN	55108	smontgomeryqc@washingtonpost.com	43906 Mccormick Street		Montgomery	Steve	1-(612)408-2521
Saint Paul	MN	55108	kolson7u@admin.ch	43 Spaight Place		Olson	Kelly	1-(651)616-9291
Saint Paul	MN	55108	jrichardsv@ebay.com	592 Nancy Hill		Richards	Johnny	1-(651)621-7997
Saint Paul	MN	55114	mbennettml@imgur.com	86 1st Terrace		Bennett	Margaret	1-(612)664-3559
Saint Paul	MN	55114	gchapmandc@auda.org.au	21506 Hoard Park		Chapman	Gary	1-(612)612-7204
Saint Paul	MN	55114	ngarzahw@utexas.edu	86548 Hooker Street		Garza	Norma	1-(651)814-4745
Saint Paul	MN	55123	cjohnstonju@bloglovin.com	547 Summer Ridge Trail		Johnston	Charles	1-(952)398-4719
Saint Paul	MN	55123	aramirezia@xrea.com	825 Farmco Terrace		Ramirez	Alan	1-(651)338-1498
Saint Paul	MN	55123	mvasquezer@mozilla.org	29 Knutson Way		Vasquez	Matthew	1-(612)740-9030
Saint Paul	MN	55146	hross7a@blogger.com	40913 Cherokee Center		Ross	Helen	1-(651)576-4242
Saint Paul	MN	55172	jdayfq@nydailynews.com	95372 Mcguire Terrace		Day	Joshua	1-(651)850-2451
Minneapolis	MN	55407	wwatkinsh0@php.net	4 Vera Hill		Watkins	Walter	1-(612)793-2595
Minneapolis	MN	55412	bhillcc@deliciousdays.com	4703 Lawn Park		Hill	Brian	1-(612)789-5901
Minneapolis	MN	55448	jallen93@cloudflare.com	75336 Schlimgen Place		Allen	Julie	1-(612)979-2452
Minneapolis	MN	55458	cgibson43@vinaora.com	62206 Sachs Circle		Gibson	Cheryl	1-(612)346-4326
Minneapolis	MN	55458	drichardsbf@sogou.com	8 Corben Street		Richards	Diana	1-(612)237-8566
Minneapolis	MN	55480	rhudson5z@surveymonkey.com	644 Reinke Lane		Hudson	Ryan	1-(612)261-1023
Young America	MN	55551	mjohnstonlt@biblegateway.com	983 Mallard Hill		Johnston	Martin	1-(952)989-7936
Young America	MN	55551	mwilliams7r@livejournal.com	31765 Lillian Park		Williams	Mark	1-(952)520-2212
Young America	MN	55564	agrahamas@sbwire.com	146 Reindahl Point		Graham	Ashley	1-(952)466-3161
Maple Plain	MN	55579	jellisbb@ibm.com	231 Tennessee Hill		Ellis	Judith	1-(952)104-1962
Maple Plain	MN	55579	rhowardgw@soundcloud.com	0349 Holmberg Parkway		Howard	Ryan	1-(952)854-8290
Duluth	MN	55811	wfranklina2@ifeng.com	9 Debs Trail		Franklin	Walter	1-(218)239-1860
Rochester	MN	55905	mhansenpl@linkedin.com	34166 Service Hill		Hansen	Mark	1-(507)378-2280
Saint Cloud	MN	56372	hromero94@psu.edu	10 Scofield Way		Romero	Harold	1-(320)921-2700
Sioux Falls	SD	57105	cmillerk8@google.fr	472 Kensington Junction		Miller	Chris	1-(605)898-3765
Grand Forks	ND	58207	cwestj5@nifty.com	6785 Katie Plaza		West	Charles	1-(701)589-1177
Billings	MT	59112	hspencerj1@odnoklassniki.ru	6993 Mandrake Trail		Spencer	Helen	1-(406)961-9791
Helena	MT	59623	wmatthewshv@mashable.com	430 Mitchell Place		Matthews	Wanda	1-(406)892-3669
Palatine	IL	60078	vbelljd@noaa.gov	15405 Towne Trail		Bell	Victor	1-(847)163-6995
Palatine	IL	60078	ahayes80@rediff.com	94 Hintze Road		Hayes	Angela	1-(847)544-4294
Evanston	IL	60208	jcooperlm@upenn.edu	2213 Ronald Regan Avenue		Cooper	Justin	1-(847)493-6867
Naperville	IL	60567	kspencerf2@over-blog.com	17 Holy Cross Park		Spencer	Kathryn	1-(630)806-9250
Chicago	IL	60614	akennedyal@tinyurl.com	1 Walton Point		Kennedy	Ashley	1-(312)428-3984
Chicago	IL	60630	redwardsha@google.com	1 Westridge Road		Edwards	Roy	1-(847)650-5951
Chicago	IL	60636	bcruzbm@ustream.tv	40 Susan Court		Cruz	Brenda	1-(312)696-3503
Chicago	IL	60636	ajordaniw@senate.gov	7 Laurel Road		Jordan	Andrew	1-(773)647-3802
Chicago	IL	60641	pfowler5l@hc360.com	32113 Randy Street		Fowler	Patrick	1-(630)858-5776
Chicago	IL	60652	hnicholsqn@ted.com	18835 Derek Plaza		Nichols	Harold	1-(773)759-6455
Chicago	IL	60657	cgarzanv@wikimedia.org	3256 Walton Terrace		Garza	Christine	1-(773)448-6444
Chicago	IL	60657	rrichardson1l@hatena.ne.jp	67 Birchwood Street		Richardson	Roger	1-(773)850-9304
Chicago	IL	60663	trogersi2@adobe.com	70 Park Meadow Alley		Rogers	Thomas	1-(312)380-3874
Chicago	IL	60674	mmorales3s@washingtonpost.com	3 Dexter Junction		Morales	Matthew	1-(312)798-8701
Chicago	IL	60686	pedwards2@trellian.com	0 Londonderry Avenue		Edwards	Peter	1-(312)633-4968
Rockford	IL	61105	wryan3u@chronoengine.com	7431 Texas Hill		Ryan	Wayne	1-(815)286-4883
Peoria	IL	61605	jhowellnt@google.ru	02 Stone Corner Terrace		Howell	Jeffrey	1-(309)151-8405
Peoria	IL	61605	ckelley3a@odnoklassniki.ru	075 Bayside Trail		Kelley	Catherine	1-(309)560-4052
Peoria	IL	61605	trosecv@macromedia.com	5 Cardinal Parkway		Rose	Tina	1-(309)639-0383
Peoria	IL	61614	jjohnstonpj@delicious.com	6 Gale Drive		Johnston	Jason	1-(309)127-3030
Peoria	IL	61629	jwilliamsik@nps.gov	055 Fulton Point		Williams	Jonathan	1-(309)219-7434
Peoria	IL	61635	vharrison3e@cisco.com	303 Mallard Center		Harrison	Victor	1-(309)278-7193
Champaign	IL	61825	crosshp@addthis.com	114 Texas Drive		Ross	Chris	1-(217)627-3463
East Saint Louis	IL	62205	jlarsonhf@wufoo.com	618 Susan Court		Larson	Judy	1-(618)804-3164
Decatur	IL	62525	cgraham6d@boston.com	3 Troy Alley		Graham	Christopher	1-(217)390-6739
Springfield	IL	62711	jsimpsonr3@vkontakte.ru	10 Morningstar Street		Simpson	Joseph	1-(217)562-1215
Springfield	IL	62718	bduncan8z@blogspot.com	35592 Scofield Street		Duncan	Brian	1-(217)968-2563
Springfield	IL	62776	adaniels69@sourceforge.net	9562 Sullivan Parkway		Daniels	Annie	1-(217)383-6784
Saint Louis	MO	63116	cwalkergj@360.cn	81314 Kipling Terrace		Walker	Clarence	1-(314)596-8645
Saint Louis	MO	63126	jcookm2@geocities.jp	1529 Florence Parkway		Cook	Jimmy	1-(314)813-8804
Saint Louis	MO	63131	hfoxnw@reverbnation.com	1021 Emmet Center		Fox	Helen	1-(636)730-1332
Saint Louis	MO	63143	jburker5@google.de	4207 Golf Course Point		Burke	Judith	1-(314)793-0698
Saint Louis	MO	63150	khernandez14@senate.gov	9284 Elmside Street		Hernandez	Katherine	1-(314)262-7571
Saint Louis	MO	63196	dkennedyjf@ifeng.com	61 Shasta Circle		Kennedy	Denise	1-(314)990-2316
Kansas City	MO	64109	alynchai@slideshare.net	7230 3rd Point		Lynch	Amy	1-(816)594-8393
Kansas City	MO	64160	slawson7x@spiegel.de	839 Waywood Circle		Lawson	Shirley	1-(816)877-8564
Kansas City	MO	64187	jthomas5g@moonfruit.com	953 Dovetail Plaza		Thomas	Janice	1-(816)571-6076
Kansas City	MO	64190	lgarzaq6@tmall.com	52 Bashford Park		Garza	Laura	1-(816)655-0564
Kansas City	MO	64193	kthompsone4@mapquest.com	2272 Holmberg Parkway		Thompson	Kimberly	1-(816)181-3237
Saint Joseph	MO	64504	ahartr1@samsung.com	230 Roxbury Plaza		Hart	Anthony	1-(816)137-7578
Jefferson City	MO	65110	jgilbert4y@addthis.com	00 Crownhardt Place		Gilbert	Joshua	1-(573)676-6116
Columbia	MO	65211	bhughesfv@nydailynews.com	622 Myrtle Pass		Hughes	Brenda	1-(573)868-8665
Shawnee Mission	KS	66225	rgreenit@virginia.edu	025 Dahle Trail		Green	Raymond	1-(913)764-7255
Topeka	KS	66611	spowellji@hexun.com	681 Rieder Way		Powell	Sara	1-(785)338-9638
Topeka	KS	66622	nbennettcy@godaddy.com	8604 Jenna Point		Bennett	Nicole	1-(785)703-4708
Topeka	KS	66699	plawrenceje@dailymail.co.uk	48 Mifflin Alley		Lawrence	Phillip	1-(785)631-1897
Topeka	KS	66699	greidkk@squidoo.com	548 Roth Plaza		Reid	George	1-(785)315-7874
Wichita	KS	67210	cmitchellee@yellowpages.com	187 Clarendon Way		Mitchell	Christine	1-(316)810-9977
Wichita	KS	67230	kharvey6w@ibm.com	4 Vermont Lane		Harvey	Kathryn	1-(316)821-3809
Wichita	KS	67230	eromero7g@icq.com	56 Forster Drive		Romero	Emily	1-(316)623-3517
Wichita	KS	67260	jbanksiu@cmu.edu	9 Dennis Park		Banks	Janice	1-(316)103-2727
Omaha	NE	68110	lfowlerox@thetimes.co.uk	956 Dottie Junction		Fowler	Louise	1-(402)370-9323
Omaha	NE	68124	rfoxgt@netvibes.com	1 Valley Edge Center		Fox	Ruby	1-(402)167-4356
Omaha	NE	68134	jthompsond4@amazon.co.uk	72248 North Crossing		Thompson	Joseph	1-(712)178-2537
Omaha	NE	68144	rbailey1c@blinklist.com	5373 Monica Circle		Bailey	Ronald	1-(402)395-7834
Lincoln	NE	68510	lhartmu@amazon.com	19649 Mitchell Terrace		Hart	Lisa	1-(402)116-4962
Lincoln	NE	68517	alopeznp@nature.com	10325 Coleman Street		Lopez	Albert	1-(402)576-2136
Lincoln	NE	68531	jromerok9@latimes.com	01365 Portage Crossing		Romero	John	1-(402)940-8873
Metairie	LA	70005	lmendoza1i@cdbaby.com	00 6th Pass		Mendoza	Lois	1-(504)733-5981
Metairie	LA	70005	esnyderkw@bloglines.com	9263 Fordem Terrace		Snyder	Ernest	1-(504)568-6975
New Orleans	LA	70129	wbutlerk2@adobe.com	31583 Sheridan Circle		Butler	Willie	1-(504)608-2822
New Orleans	LA	70129	jholmes6i@cyberchimps.com	8547 Rigney Avenue		Holmes	James	1-(504)146-6094
New Orleans	LA	70142	jandrews95@163.com	8 Goodland Trail		Andrews	Jimmy	1-(504)389-0586
New Orleans	LA	70142	slewisfc@netlog.com	587 West Street		Lewis	Stephen	1-(504)421-2010
New Orleans	LA	70160	jdavisb1@europa.eu	1 Norway Maple Plaza		Davis	Juan	1-(504)583-7751
New Orleans	LA	70160	jhart5n@webs.com	881 Independence Court		Hart	Janet	1-(504)190-2406
New Orleans	LA	70165	cknight79@dailymotion.com	6 Eggendart Junction		Knight	Charles	1-(504)807-7004
New Orleans	LA	70174	agraham1r@nytimes.com	6878 Mallard Road		Graham	Alice	1-(504)531-8344
New Orleans	LA	70174	nrosecd@marketwatch.com	8 Bonner Junction		Rose	Norma	1-(504)590-5435
New Orleans	LA	70183	crogersnq@google.com.br	3 Scoville Park		Rogers	Carolyn	1-(504)393-6595
Lafayette	LA	70505	chayesdp@123-reg.co.uk	221 Stephen Court		Hayes	Carolyn	1-(337)520-2351
Lafayette	LA	70593	groberts1v@ezinearticles.com	093 Cardinal Road		Roberts	Gregory	1-(337)885-4880
Lake Charles	LA	70607	gsullivanlp@opera.com	01085 Eastwood Road		Sullivan	Gary	1-(337)910-3423
Baton Rouge	LA	70810	abelllc@theglobeandmail.com	1589 4th Hill		Bell	Aaron	1-(225)505-6875
Baton Rouge	LA	70815	jevansip@nifty.com	4 Erie Circle		Evans	Joshua	1-(225)158-7024
Baton Rouge	LA	70820	pnguyen7w@abc.net.au	57 Redwing Road		Nguyen	Philip	1-(225)351-7267
Baton Rouge	LA	70894	rfieldsbl@japanpost.jp	85 Old Shore Pass		Fields	Roger	1-(225)864-6540
Baton Rouge	LA	70894	mstewartdl@behance.net	17216 Iowa Alley		Stewart	Mark	1-(225)889-8992
Shreveport	LA	71130	mwhite4w@jiathis.com	22053 Amoth Way		White	Melissa	1-(318)200-9058
Shreveport	LA	71137	jchapman5m@digg.com	8935 Sommers Lane		Chapman	Jacqueline	1-(318)279-7994
Monroe	LA	71208	jvasquezl5@buzzfeed.com	63 Moland Place		Vasquez	Jane	1-(318)320-8121
Monroe	LA	71208	jwarren4g@joomla.org	29 Dunning Point		Warren	Janet	1-(318)942-0791
North Little Rock	AR	72118	hgardner7@dailymotion.com	913 Ryan Court		Gardner	Harold	1-(501)515-2097
North Little Rock	AR	72118	lramosfh@cyberchimps.com	1 Crownhardt Court		Ramos	Lois	1-(501)165-6123
Fort Smith	AR	72916	awelchih@youtu.be	4243 Loeprich Hill		Welch	Amy	1-(479)282-3783
Edmond	OK	73034	cwheeler5w@ftc.gov	48054 Northport Road		Wheeler	Craig	1-(405)413-6328
Norman	OK	73071	jford4m@ca.gov	0726 Valley Edge Parkway		Ford	Joyce	1-(405)135-6859
Oklahoma City	OK	73119	sgeorgell@seattletimes.com	6983 Golf View Terrace		George	Sarah	1-(405)904-2793
Oklahoma City	OK	73119	rgreenecl@instagram.com	87722 Arkansas Drive		Greene	Richard	1-(405)897-3892
Oklahoma City	OK	73135	mrobertson48@gravatar.com	71114 Montana Alley		Robertson	Michelle	1-(405)626-1284
Oklahoma City	OK	73142	jmontgomeryo4@unblog.fr	101 Aberg Way		Montgomery	Juan	1-(405)300-6357
Oklahoma City	OK	73147	bandrewso2@cam.ac.uk	90 Riverside Way		Andrews	Bobby	1-(405)316-9613
Oklahoma City	OK	73167	cmendozaor@nps.gov	25323 Holy Cross Crossing		Mendoza	Carol	1-(405)221-5274
Oklahoma City	OK	73179	jperkins4p@apple.com	6613 Transport Terrace		Perkins	Joshua	1-(405)640-7056
Oklahoma City	OK	73190	ajacobs9z@i2i.jp	111 Northfield Center		Jacobs	Andrew	1-(405)311-0494
Tulsa	OK	74149	pmartinez55@unc.edu	631 Becker Court		Martinez	Patrick	1-(918)647-9400
Tulsa	OK	74156	jwoodsim@w3.org	02 Anderson Avenue		Woods	Judith	1-(918)222-6677
Irving	TX	75062	mcunningham4t@who.int	41544 Weeping Birch Drive		Cunningham	Marie	1-(972)185-9200
Irving	TX	75062	dwilliams50@theguardian.com	48935 Towne Parkway		Williams	Deborah	1-(817)651-8314
Mesquite	TX	75185	cwatkins88@dmoz.org	8 Anthes Court		Watkins	Charles	1-(972)449-5818
Dallas	TX	75205	ashawt@networkadvertising.org	1 Commercial Hill		Shaw	Aaron	1-(469)295-5541
Dallas	TX	75210	rrichardson70@amazon.de	8 Fisk Hill		Richardson	Ruby	1-(214)794-5734
Dallas	TX	75231	jcrawfordjz@nifty.com	2 Nobel Street		Crawford	Johnny	1-(972)736-6494
Dallas	TX	75265	carnoldd@state.gov	51209 Memorial Pass		Arnold	Christine	1-(214)112-9067
Dallas	TX	75277	wpeters20@whitehouse.gov	1190 Vahlen Point		Peters	Walter	1-(214)322-6227
Dallas	TX	75277	rsimpsonf8@ft.com	052 Northridge Road		Simpson	Rebecca	1-(214)878-4426
Dallas	TX	75323	swashingtoneg@livejournal.com	21096 Atwood Avenue		Washington	Steven	1-(214)349-7907
Dallas	TX	75353	alittle86@hp.com	77302 Graedel Way		Little	Anne	1-(214)523-8145
Dallas	TX	75358	ewatsonm7@t.co	34395 Lake View Court		Watson	Eric	1-(214)474-2759
Dallas	TX	75397	dsanderslq@ihg.com	95121 Kenwood Point		Sanders	Douglas	1-(214)956-6991
Longview	TX	75605	jsnyderde@amazon.co.jp	80860 Sunnyside Way		Snyder	Jennifer	1-(903)443-7935
Tyler	TX	75705	gcox1b@woothemes.com	62566 Grim Court		Cox	Gary	1-(903)485-4003
Tyler	TX	75710	lknighth6@nsw.gov.au	643 Gerald Pass		Knight	Lawrence	1-(903)858-3445
Arlington	TX	76011	jmurray9u@statcounter.com	1 Lyons Road		Murray	Jerry	1-(214)282-4719
Arlington	TX	76016	pdixon96@tamu.edu	6 Eliot Court		Dixon	Peter	1-(817)707-4384
Fort Worth	TX	76121	pharperek@sbwire.com	42516 Cody Way		Harper	Patrick	1-(817)131-9438
Fort Worth	TX	76134	adayk5@mediafire.com	22 Stone Corner Alley		Day	Anthony	1-(817)643-3390
Fort Worth	TX	76134	rkelleybe@theguardian.com	71734 La Follette Crossing		Kelley	Richard	1-(817)126-4091
Fort Worth	TX	76162	rdiazgu@ycombinator.com	171 Meadow Ridge Lane		Diaz	Robert	1-(682)912-8731
Fort Worth	TX	76162	wramirez6g@admin.ch	77 Mcguire Hill		Ramirez	Wanda	1-(682)930-0226
Fort Worth	TX	76192	schavezcg@economist.com	2840 Boyd Pass		Chavez	Steve	1-(682)460-5224
Fort Worth	TX	76198	kpricej7@cloudflare.com	27082 Tomscot Hill		Price	Kathryn	1-(682)313-9111
Denton	TX	76210	awashingtoneo@gmpg.org	662 Karstens Plaza		Washington	Annie	1-(817)893-1833
Wichita Falls	TX	76305	tsullivannz@webmd.com	1499 Sunnyside Way		Sullivan	Timothy	1-(940)649-1374
Gatesville	TX	76598	pmartinez63@wiley.com	7 Sugar Hill		Martinez	Patrick	1-(254)730-4537
Waco	TX	76711	polsonra@pen.io	8 Butterfield Plaza		Olson	Pamela	1-(254)617-9611
Waco	TX	76796	smartinez8@mozilla.org	48035 Carey Plaza		Martinez	Sharon	1-(254)399-0215
Houston	TX	77010	ejordan6m@arizona.edu	31965 Warrior Avenue		Jordan	Evelyn	1-(713)662-2778
Houston	TX	77010	dvasquezl1@1688.com	711 Prairieview Hill		Vasquez	Deborah	1-(832)925-3873
Houston	TX	77015	dwelchc3@pbs.org	4 Kings Point		Welch	Douglas	1-(832)547-9123
Houston	TX	77035	dgardner1@ibm.com	99732 Sloan Lane		Gardner	Doris	1-(281)955-6613
Houston	TX	77050	tlittles@virginia.edu	7436 Hallows Terrace		Little	Theresa	1-(281)596-9746
Houston	TX	77075	aphillipsh4@bbb.org	3390 Memorial Court		Phillips	Arthur	1-(832)319-3484
Houston	TX	77206	lhudson7f@shareasale.com	501 Heath Crossing		Hudson	Lawrence	1-(713)669-7220
Houston	TX	77212	scook9p@drupal.org	47368 Towne Court		Cook	Samuel	1-(713)929-4391
Houston	TX	77212	wmyersow@360.cn	217 West Street		Myers	Wanda	1-(713)331-8396
Houston	TX	77255	pwoodpi@harvard.edu	75051 Browning Junction		Wood	Paul	1-(713)742-9724
Houston	TX	77266	jstewart6q@myspace.com	78 Del Sol Junction		Stewart	Joseph	1-(832)851-7516
Houston	TX	77276	rmarshallhg@utexas.edu	9 Sutteridge Circle		Marshall	Rachel	1-(713)444-6987
Houston	TX	77288	mromerog2@bloglines.com	95423 Mockingbird Trail		Romero	Matthew	1-(713)554-9670
Houston	TX	77293	holsonmi@bloglovin.com	73 Sutherland Circle		Olson	Henry	1-(281)290-0853
Conroe	TX	77305	vmorrisonkt@so-net.ne.jp	685 Barby Avenue		Morrison	Virginia	1-(936)127-6439
Huntsville	TX	77343	melliottnf@twitter.com	6 Chive Circle		Elliott	Marie	1-(936)298-2076
Humble	TX	77346	malvarezmx@miibeian.gov.cn	88 Anhalt Trail		Alvarez	Michelle	1-(713)663-5417
Pasadena	TX	77505	mrobertson87@yolasite.com	466 Cascade Way		Robertson	Melissa	1-(713)741-7736
Beaumont	TX	77713	rjacobsmd@cyberchimps.com	50266 Straubel Parkway		Jacobs	Ruby	1-(409)302-3353
Bryan	TX	77806	sbishophu@examiner.com	705 Village Lane		Bishop	Sharon	1-(979)242-3064
Laredo	TX	78044	jfoxh5@si.edu	1078 Oakridge Point		Fox	Joe	1-(956)174-9842
San Antonio	TX	78220	jbishopif@newsvine.com	39 3rd Alley		Bishop	John	1-(210)191-2054
San Antonio	TX	78220	kweaverkn@clickbank.net	7 Johnson Place		Weaver	Kathy	1-(210)682-6891
San Antonio	TX	78235	hgreenlf@163.com	9841 Merchant Center		Green	Heather	1-(210)917-2122
San Antonio	TX	78250	arobinsonfy@wix.com	8741 Monterey Junction		Robinson	Ashley	1-(210)875-8626
San Antonio	TX	78260	epetersonol@amazon.co.jp	565 Browning Junction		Peterson	Edward	1-(830)623-4442
San Antonio	TX	78265	tfishere1@wisc.edu	3297 Heath Hill		Fisher	Timothy	1-(210)269-3916
San Antonio	TX	78265	jkelly8g@wufoo.com	7040 Northridge Drive		Kelly	Jane	1-(210)451-1679
San Antonio	TX	78265	alarsonab@deviantart.com	48448 Lien Hill		Larson	Adam	1-(210)726-9148
San Antonio	TX	78285	larmstronga4@ow.ly	157 Carpenter Circle		Armstrong	Lillian	1-(210)117-9989
San Antonio	TX	78291	emiller4q@salon.com	344 Hoffman Avenue		Miller	Eric	1-(210)311-8631
Corpus Christi	TX	78410	tgarzaq3@taobao.com	9 Hansons Trail		Garza	Theresa	1-(361)964-8243
Corpus Christi	TX	78415	twatkins6u@prweb.com	47 Sage Circle		Watkins	Timothy	1-(361)652-6442
Round Rock	TX	78682	kcooper33@whitehouse.gov	24 Talisman Pass		Cooper	Kathryn	1-(512)526-9281
Round Rock	TX	78682	bfoster5y@ustream.tv	041 Farragut Lane		Foster	Benjamin	1-(512)684-1731
Austin	TX	78726	mrobinsonka@topsy.com	508 Northfield Trail		Robinson	Mark	1-(512)387-8814
Austin	TX	78737	ckingl3@merriam-webster.com	75001 Lakeland Park		King	Cheryl	1-(512)674-3059
Austin	TX	78744	mraymj@360.cn	818 Pearson Alley		Ray	Marie	1-(512)429-1579
Austin	TX	78759	ataylor6c@domainmarket.com	29835 Luster Place		Taylor	Amy	1-(512)875-6964
Austin	TX	78778	aholmesl6@techcrunch.com	23841 Fallview Lane		Holmes	Albert	1-(512)364-5852
Austin	TX	78778	cjordanks@wordpress.org	4 Hooker Trail		Jordan	Christina	1-(512)414-7479
Austin	TX	78783	bgordonnu@people.com.cn	2363 Lawn Park		Gordon	Brian	1-(512)921-6120
Austin	TX	78783	skennedyjo@amazonaws.com	32 Nelson Way		Kennedy	Shirley	1-(512)668-4660
Austin	TX	78783	cwright85@auda.org.au	8160 Crest Line Hill		Wright	Craig	1-(512)163-0063
Amarillo	TX	79105	mharrison7h@over-blog.com	9 Doe Crossing Crossing		Harrison	Mark	1-(806)510-4617
Amarillo	TX	79118	jgarrett6j@godaddy.com	39 Bashford Park		Garrett	Justin	1-(806)713-0376
Amarillo	TX	79171	rburns6e@cbslocal.com	437 New Castle Trail		Burns	Rebecca	1-(806)174-7356
Amarillo	TX	79171	rcolelx@whitehouse.gov	84 Stephen Parkway		Cole	Richard	1-(806)224-0944
Amarillo	TX	79176	jparker58@g.co	05 Leroy Trail		Parker	Jack	1-(806)109-3803
Amarillo	TX	79176	jpricekj@wikispaces.com	57457 La Follette Road		Price	Joshua	1-(806)272-2586
Lubbock	TX	79410	randersonqa@rediff.com	2712 Tony Drive		Anderson	Robert	1-(806)709-2211
Lubbock	TX	79410	kmooreqw@ibm.com	4 Southridge Trail		Moore	Kathryn	1-(806)479-3680
Odessa	TX	79764	aaustin1z@msn.com	854 Marquette Park		Austin	Andrew	1-(432)946-7939
El Paso	TX	79916	srussellf3@stumbleupon.com	98277 Declaration Court		Russell	Susan	1-(915)822-3038
El Paso	TX	79928	dhawkinsq5@theglobeandmail.com	14046 Barnett Drive		Hawkins	Daniel	1-(915)773-2445
El Paso	TX	79934	sgutierrezfd@vk.com	29646 Sachtjen Junction		Gutierrez	Steven	1-(915)958-6650
El Paso	TX	79934	cray7m@facebook.com	3542 North Point		Ray	Cheryl	1-(915)607-9699
El Paso	TX	79934	cthomasgo@sciencedirect.com	99816 Londonderry Center		Thomas	Carol	1-(915)630-4268
El Paso	TX	79940	kwallacecs@salon.com	42624 Messerschmidt Pass		Wallace	Kevin	1-(915)527-2836
El Paso	TX	79955	jpattersonnx@usatoday.com	84 Riverside Hill		Patterson	Jessica	1-(915)736-1551
El Paso	TX	79968	rchapmandd@aol.com	12585 Shasta Pass		Chapman	Ryan	1-(915)895-1135
El Paso	TX	79989	cperkins4j@chron.com	037 Hanover Avenue		Perkins	Clarence	1-(915)544-6825
El Paso	TX	79994	mcarpenter2l@salon.com	86494 Waywood Hill		Carpenter	Martin	1-(915)844-2462
El Paso	TX	79994	rwebbej@dyndns.org	0540 Milwaukee Plaza		Webb	Ruth	1-(915)597-5138
El Paso	TX	79999	wfrazier2k@chronoengine.com	73264 Gerald Lane		Frazier	Willie	1-(915)853-1531
Aurora	CO	80015	towensbj@indiegogo.com	882 Butterfield Place		Owens	Timothy	1-(720)823-5298
Denver	CO	80217	lpetersij@1und1.de	44818 Anderson Street		Peters	Louis	1-(303)870-8002
Denver	CO	80217	mruiz41@wikia.com	92 Killdeer Road		Ruiz	Margaret	1-(303)599-8580
Denver	CO	80235	ppierceoe@myspace.com	3 Dorton Way		Pierce	Paul	1-(720)576-2243
Denver	CO	80235	sriveraad@yellowpages.com	68 Parkside Park		Rivera	Scott	1-(720)196-1122
Denver	CO	80243	gclark9@smugmug.com	70930 Hanover Court		Clark	Gary	1-(303)356-6988
Denver	CO	80249	mharperhx@ustream.tv	87153 Lyons Trail		Harper	Margaret	1-(303)344-3694
Denver	CO	80249	jrichardson9d@spiegel.de	83 Superior Drive		Richardson	Jerry	1-(303)358-8582
Denver	CO	80279	tgarcia1e@tinyurl.com	1 Glendale Court		Garcia	Timothy	1-(303)342-9736
Denver	CO	80291	jsimpsoncm@nsw.gov.au	973 Everett Place		Simpson	Jean	1-(303)354-2200
Boulder	CO	80310	adunnq2@taobao.com	3773 Sugar Pass		Dunn	Amanda	1-(303)478-8171
Colorado Springs	CO	80905	lhudsonnd@amazon.com	1 Laurel Crossing		Hudson	Louise	1-(719)211-2258
Colorado Springs	CO	80910	pwatson1t@epa.gov	17 Superior Junction		Watson	Paula	1-(719)467-2663
Colorado Springs	CO	80915	rharvey2o@simplemachines.org	914 Texas Junction		Harvey	Roy	1-(719)203-8681
Colorado Springs	CO	80920	ameyernm@bravesites.com	2 Goodland Crossing		Meyer	Alice	1-(719)690-6817
Colorado Springs	CO	80951	mfullerf5@printfriendly.com	98 Merchant Lane		Fuller	Maria	1-(719)482-8807
Grand Junction	CO	81505	pwilliamson6h@examiner.com	5 Pepper Wood Avenue		Williamson	Phillip	1-(970)482-0481
Boise	ID	83705	lhenry1q@wix.com	247 Corben Center		Henry	Lisa	1-(208)206-3568
Boise	ID	83722	vevansbv@adobe.com	7 Rutledge Hill		Evans	Virginia	1-(208)237-7668
Boise	ID	83722	kwellsj4@jigsy.com	300 Waubesa Plaza		Wells	Karen	1-(208)975-3875
Boise	ID	83732	efowleraz@seattletimes.com	7377 Di Loreto Center		Fowler	Eugene	1-(208)247-2741
Salt Lake City	UT	84120	rbrownf0@privacy.gov.au	07021 Bowman Trail		Brown	Ruth	1-(801)264-0854
Salt Lake City	UT	84125	jrileyev@fc2.com	273 Delaware Circle		Riley	Julie	1-(801)875-1327
Ogden	UT	84403	jgardnerdt@mac.com	0 Blaine Road		Gardner	Jack	1-(801)782-7752
Phoenix	AZ	85010	jmartinez2f@imdb.com	10429 Golf Course Center		Martinez	Jimmy	1-(602)405-6843
Phoenix	AZ	85020	cpattersonkq@umn.edu	26 Kipling Lane		Patterson	Carlos	1-(602)598-2207
Phoenix	AZ	85020	jthomasnn@edublogs.org	9176 Mallory Hill		Thomas	Jose	1-(602)258-7110
Phoenix	AZ	85025	sjenkins23@state.tx.us	56 Oak Valley Trail		Jenkins	Steven	1-(480)184-3675
Phoenix	AZ	85025	jreyeshe@uiuc.edu	81 Hagan Center		Reyes	Jean	1-(480)979-9798
Phoenix	AZ	85030	sadams2v@nps.gov	760 Transport Road		Adams	Susan	1-(602)538-9671
Phoenix	AZ	85040	mhudsoncj@homestead.com	7872 Anhalt Plaza		Hudson	Martha	1-(602)883-0668
Phoenix	AZ	85040	wkennedyg7@google.com.br	17886 Del Mar Junction		Kennedy	William	1-(480)760-2921
Phoenix	AZ	85045	lholmes3o@digg.com	1124 Lien Circle		Holmes	Lisa	1-(480)806-1677
Phoenix	AZ	85053	jolsonmr@bravesites.com	2076 Eagan Hill		Olson	Judith	1-(602)443-0284
Phoenix	AZ	85067	emendozaen@craigslist.org	1 Rusk Street		Mendoza	Elizabeth	1-(602)337-4171
Phoenix	AZ	85067	cperkinsi1@wisc.edu	078 Kensington Road		Perkins	Cheryl	1-(602)761-0104
Phoenix	AZ	85067	dwelcho8@123-reg.co.uk	6 Algoma Pass		Welch	Dennis	1-(602)491-5366
Phoenix	AZ	85072	msandersu@virginia.edu	09 Bobwhite Court		Sanders	Mary	1-(602)846-9762
Phoenix	AZ	85072	iwelch9y@acquirethisname.com	9105 Erie Parkway		Welch	Irene	1-(602)584-7596
Mesa	AZ	85205	tmasonmk@fda.gov	94789 Stang Crossing		Mason	Theresa	1-(602)827-1171
Mesa	AZ	85205	ewagnerdk@diigo.com	30 Sauthoff Avenue		Wagner	Eric	1-(602)481-5000
Mesa	AZ	85205	mwalker3k@exblog.jp	0 Meadow Ridge Parkway		Walker	Marie	1-(480)219-2854
Apache Junction	AZ	85219	aperkinsl4@zimbio.com	91 Hayes Hill		Perkins	Anne	1-(480)928-7875
Scottsdale	AZ	85260	wwallace9r@scribd.com	42550 Golf Trail		Wallace	Walter	1-(602)292-4775
Tempe	AZ	85284	lclarkmf@bloomberg.com	110 Warner Parkway		Clark	Louise	1-(480)644-6774
Gilbert	AZ	85297	kkelley36@networksolutions.com	56109 Hoard Court		Kelley	Kenneth	1-(602)873-7996
Gilbert	AZ	85297	awarrendb@diigo.com	858 Muir Road		Warren	Alan	1-(480)522-5509
Glendale	AZ	85305	bsullivangi@google.ca	8080 Hudson Road		Sullivan	Betty	1-(602)892-4216
Glendale	AZ	85311	aellis5h@sourceforge.net	967 Pearson Pass		Ellis	Angela	1-(602)844-6068
Glendale	AZ	85311	iholmes9o@feedburner.com	5 Ryan Way		Holmes	Irene	1-(602)140-2859
Peoria	AZ	85383	jclarklk@w3.org	56235 Talmadge Way		Clark	Judy	1-(602)555-8085
Tucson	AZ	85705	kfullern0@amazon.co.jp	80481 Pawling Park		Fuller	Kenneth	1-(520)201-6010
Tucson	AZ	85710	wcook4l@multiply.com	292 Fieldstone Point		Cook	Wanda	1-(520)118-6401
Tucson	AZ	85715	sallenb5@moonfruit.com	967 Center Pass		Allen	Sandra	1-(520)109-4772
Tucson	AZ	85715	rhalloy@intel.com	086 Randy Trail		Hall	Rebecca	1-(520)475-1279
Tucson	AZ	85720	bmitchell71@woothemes.com	9 Hagan Junction		Mitchell	Brian	1-(520)136-6046
Tucson	AZ	85748	jfowler3b@aboutads.info	43994 Westend Alley		Fowler	Jason	1-(520)352-4260
Tucson	AZ	85754	lromero7q@opera.com	15630 Starling Street		Romero	Lori	1-(520)412-5173
Tucson	AZ	85754	cstoneqx@webmd.com	4531 Eagle Crest Street		Stone	Craig	1-(520)642-8682
Prescott	AZ	86305	pduncanlo@imageshack.us	5439 Leroy Junction		Duncan	Peter	1-(520)964-4187
Albuquerque	NM	87105	sfloresn9@goo.gl	08457 Randy Drive		Flores	Sandra	1-(505)928-3149
Albuquerque	NM	87105	cgonzalez8x@ezinearticles.com	2938 Blackbird Junction		Gonzalez	Carolyn	1-(505)100-5922
Albuquerque	NM	87110	dstevenskd@alibaba.com	67379 Warrior Park		Stevens	Douglas	1-(505)173-0508
Albuquerque	NM	87115	jfloresea@ezinearticles.com	040 Gerald Junction		Flores	Jack	1-(505)685-1238
Albuquerque	NM	87121	rmontgomery67@uiuc.edu	8 Declaration Place		Montgomery	Ronald	1-(505)521-0497
Albuquerque	NM	87140	pgilbert19@pinterest.com	663 Village Hill		Gilbert	Phyllis	1-(505)164-4021
Albuquerque	NM	87190	dfreemanjt@umich.edu	0047 Maple Wood Hill		Freeman	David	1-(505)835-4429
Albuquerque	NM	87201	hharrisonpf@feedburner.com	111 Wayridge Plaza		Harrison	Harold	1-(505)347-9310
Albuquerque	NM	87201	rphillipsr@mediafire.com	46022 Spaight Street		Phillips	Richard	1-(505)325-8973
Santa Fe	NM	87592	jbarnesf4@cbslocal.com	5253 Thackeray Way		Barnes	Joshua	1-(505)186-9030
El Paso	TX	88530	afishero7@multiply.com	0003 Sommers Avenue		Fisher	Adam	1-(915)558-4188
El Paso	TX	88530	phenryp5@prlog.org	78 Fordem Way		Henry	Paula	1-(915)410-7541
El Paso	TX	88546	twesthq@ezinearticles.com	5 Southridge Point		West	Timothy	1-(915)503-5903
El Paso	TX	88558	acole5d@vkontakte.ru	1430 Monterey Parkway		Cole	Adam	1-(915)352-9599
El Paso	TX	88569	nellism5@nih.gov	9510 Glendale Point		Ellis	Nancy	1-(915)160-4801
El Paso	TX	88579	hedwardsdv@blog.com	51 Kropf Center		Edwards	Henry	1-(915)154-4829
El Paso	TX	88584	klawrenceq@amazon.co.uk	2 Holy Cross Lane		Lawrence	Kathy	1-(915)733-3358
El Paso	TX	88589	jjacobsgp@joomla.org	273 Lawn Way		Jacobs	Joe	1-(915)122-3123
Henderson	NV	89012	eperryd2@jigsy.com	81471 Morningstar Pass		Perry	Ernest	1-(702)137-5087
North Las Vegas	NV	89087	kbelllr@yahoo.com	36227 Melby Road		Bell	Kathy	1-(702)528-9940
Las Vegas	NV	89105	rgrantkv@sakura.ne.jp	62 Warbler Pass		Grant	Robin	1-(702)520-6713
Las Vegas	NV	89120	jhughesao@chicagotribune.com	8779 Mesta Junction		Hughes	Joe	1-(702)265-3924
Las Vegas	NV	89125	hgarciac7@sphinn.com	2 Truax Alley		Garcia	Howard	1-(702)253-8350
Las Vegas	NV	89125	rlongcw@tmall.com	95 Carey Hill		Long	Randy	1-(702)585-3175
Las Vegas	NV	89140	bbrown8k@oaic.gov.au	13794 Straubel Center		Brown	Benjamin	1-(702)513-8152
Las Vegas	NV	89145	ljenkins2z@vinaora.com	47669 Karstens Hill		Jenkins	Louis	1-(702)872-4221
Las Vegas	NV	89150	thanson3g@businesswire.com	5 Swallow Alley		Hanson	Theresa	1-(702)586-8909
Las Vegas	NV	89150	rpeters5x@merriam-webster.com	0 Colorado Drive		Peters	Robert	1-(702)110-3730
Las Vegas	NV	89160	tcarpenterdy@virginia.edu	9027 Marcy Pass		Carpenter	Theresa	1-(702)252-8501
Las Vegas	NV	89166	hmorrisonpr@cargocollective.com	52 Ronald Regan Pass		Morrison	Harold	1-(702)124-3564
Reno	NV	89505	athomasge@uiuc.edu	7 Colorado Avenue		Thomas	Alice	1-(775)270-5698
Reno	NV	89510	dharrison1u@ca.gov	5400 Luster Lane		Harrison	Diane	1-(775)269-0734
Reno	NV	89519	eburnsn7@nhs.uk	31565 Acker Hill		Burns	Edward	1-(775)790-7074
Reno	NV	89519	dwoodp3@homestead.com	2634 Lakewood Avenue		Wood	Denise	1-(775)550-5324
Reno	NV	89595	dspencerau@ezinearticles.com	1 Oak Alley		Spencer	Doris	1-(775)580-1204
Los Angeles	CA	90015	bfowler7b@omniture.com	0513 Kropf Way		Fowler	Barbara	1-(818)657-4300
Los Angeles	CA	90020	bfuller4d@blogs.com	2 Anhalt Junction		Fuller	Benjamin	1-(818)974-8247
Los Angeles	CA	90035	jdunnly@weibo.com	878 Red Cloud Alley		Dunn	Joyce	1-(323)977-2224
Los Angeles	CA	90040	kdavis34@va.gov	16 Utah Junction		Davis	Keith	1-(714)604-0193
Los Angeles	CA	90055	hgordondm@taobao.com	84 Upham Lane		Gordon	Heather	1-(213)221-3316
Los Angeles	CA	90081	ryoungnl@squarespace.com	0153 Badeau Drive		Young	Ralph	1-(213)851-1995
Inglewood	CA	90305	jdiaze7@sciencedirect.com	28 Delladonna Junction		Diaz	Jean	1-(310)641-4374
Inglewood	CA	90305	awebbgg@paypal.com	2 Arizona Park		Webb	Arthur	1-(310)262-2185
Inglewood	CA	90398	pperryj3@google.es	42 Schmedeman Center		Perry	Paula	1-(310)852-3011
Santa Monica	CA	90410	mboydbu@over-blog.com	665 Hoepker Hill		Boyd	Margaret	1-(310)170-9161
Torrance	CA	90510	jhansenre@sina.com.cn	33650 7th Road		Hansen	Judy	1-(818)398-2497
Long Beach	CA	90810	dkimex@is.gd	7052 Johnson Plaza		Kim	David	1-(310)242-4373
Long Beach	CA	90831	wshawqg@desdev.cn	68 Truax Street		Shaw	Wayne	1-(562)908-4849
Pasadena	CA	91103	lwells3i@va.gov	56437 Kensington Road		Wells	Linda	1-(323)149-4475
Pasadena	CA	91109	jhill1h@gov.uk	721 Magdeline Circle		Hill	Jason	1-(818)486-7645
Pasadena	CA	91117	lgrayb9@odnoklassniki.ru	16845 Dayton Terrace		Gray	Lois	1-(626)922-4108
Pasadena	CA	91125	sjonesew@hp.com	078 Bonner Drive		Jones	Susan	1-(626)143-7970
Glendale	CA	91210	gwoodms@whitehouse.gov	35094 Kennedy Place		Wood	Gregory	1-(818)862-1320
Northridge	CA	91328	jduncan5u@fc2.com	363 Nobel Drive		Duncan	Jacqueline	1-(818)241-3130
Van Nuys	CA	91411	mfernandeziq@jimdo.com	4 Old Shore Center		Fernandez	Marie	1-(626)196-7516
Burbank	CA	91505	cmorrison5c@addthis.com	2288 Monica Drive		Morrison	Chris	1-(323)891-1910
North Hollywood	CA	91616	afosterou@ocn.ne.jp	7 Waubesa Trail		Foster	Antonio	1-(213)609-0743
North Hollywood	CA	91616	jmartinjb@engadget.com	128 Bartelt Street		Martin	Jeremy	1-(213)760-1494
Alhambra	CA	91841	mstanley4n@xing.com	358 Kings Terrace		Stanley	Maria	1-(626)673-4928
Chula Vista	CA	91913	gwashingtong@whitehouse.gov	83 Thierer Street		Washington	George	1-(619)577-5467
Oceanside	CA	92056	tgeorgeh9@drupal.org	82771 Superior Parkway		George	Theresa	1-(858)195-5519
San Diego	CA	92110	pmcdonalde8@umich.edu	70058 Clove Circle		Mcdonald	Patrick	1-(949)954-5844
San Diego	CA	92110	mpricemz@cargocollective.com	594 Oxford Circle		Price	Michelle	1-(858)807-8695
San Diego	CA	92132	mharper1f@amazon.de	024 Nova Point		Harper	Mary	1-(619)101-8972
San Diego	CA	92165	cnguyenmw@cbsnews.com	3 Arapahoe Point		Nguyen	Craig	1-(619)510-8185
San Diego	CA	92176	alewisft@imgur.com	13156 Maple Wood Parkway		Lewis	Amy	1-(619)875-7041
San Diego	CA	92186	rdanielsam@cbsnews.com	384 Russell Place		Daniels	Roy	1-(619)161-8361
San Diego	CA	92186	jpiercef1@chronoengine.com	19039 Fisk Center		Pierce	Jose	1-(619)690-4532
San Diego	CA	92191	kjohnston8u@shutterfly.com	3 Springs Drive		Johnston	Kathryn	1-(619)674-1045
San Diego	CA	92196	ngrantgf@usgs.gov	6721 Golf Course Terrace		Grant	Norma	1-(619)528-8489
San Bernardino	CA	92415	cbarnes3x@pinterest.com	73 Nobel Lane		Barnes	Christina	1-(760)487-2850
San Bernardino	CA	92415	kleehj@etsy.com	42760 Novick Center		Lee	Kimberly	1-(909)950-4314
Riverside	CA	92505	aferguson8n@biglobe.ne.jp	522 Tomscot Lane		Ferguson	Albert	1-(909)902-0875
Riverside	CA	92513	alittlerm@reuters.com	668 Grayhawk Lane		Little	Alice	1-(951)393-5680
Fullerton	CA	92640	tfieldsn8@shutterfly.com	71 Maple Hill		Fields	Theresa	1-(559)534-3243
Garden Grove	CA	92645	jfernandezd9@illinois.edu	559 Orin Park		Fernandez	Joyce	1-(714)942-5595
Garden Grove	CA	92645	csmithqu@bluehost.com	515 Magdeline Terrace		Smith	Clarence	1-(714)546-8441
Garden Grove	CA	92645	mstephens11@cbc.ca	07 Gina Junction		Stephens	Maria	1-(714)742-3197
Newport Beach	CA	92662	dhuntax@microsoft.com	4022 Truax Drive		Hunt	Daniel	1-(714)872-0433
Irvine	CA	92717	glawsonfe@newsvine.com	51867 Swallow Center		Lawson	Gary	1-(714)247-7664
Irvine	CA	92717	mryane9@desdev.cn	952 East Lane		Ryan	Marie	1-(714)689-7743
Irvine	CA	92717	csnyder2q@twitpic.com	4674 Bluestem Avenue		Snyder	Christina	1-(714)422-0887
Brea	CA	92822	kking9x@jigsy.com	919 Messerschmidt Hill		King	Kimberly	1-(714)231-7518
Brea	CA	92822	srileyqt@tmall.com	0 Vernon Center		Riley	Scott	1-(818)953-6995
Orange	CA	92862	mpricefz@fastcompany.com	9 Mosinee Circle		Price	Margaret	1-(714)509-2571
Corona	CA	92878	cbrooksqs@blogger.com	52 South Alley		Brooks	Catherine	1-(951)473-3031
Oxnard	CA	93034	enichols5r@yale.edu	03 Lakewood Junction		Nichols	Edward	1-(805)359-8935
Santa Barbara	CA	93106	cwilsonfw@ustream.tv	8 Main Place		Wilson	Craig	1-(805)871-4769
Santa Barbara	CA	93111	bgarciaoq@gravatar.com	9786 Waywood Avenue		Garcia	Benjamin	1-(805)452-5912
Santa Barbara	CA	93111	tking9l@yelp.com	1 Russell Place		King	Tammy	1-(805)543-8437
Visalia	CA	93291	mlee7d@amazon.de	4822 Springview Point		Lee	Michelle	1-(209)812-4978
Bakersfield	CA	93386	jlawrencej0@fastcompany.com	15198 Oak Valley Pass		Lawrence	Jeffrey	1-(661)117-6007
Bakersfield	CA	93386	rleeoc@nps.gov	7470 Kensington Crossing		Lee	Russell	1-(661)187-4675
Lancaster	CA	93584	jtorresny@tripadvisor.com	34 Hermina Pass		Torres	Jesse	1-(661)359-3620
Fresno	CA	93709	jgilbertjk@bigcartel.com	2247 Riverside Junction		Gilbert	Jean	1-(559)888-1132
Fresno	CA	93715	nrobertsg4@nhs.uk	1648 Welch Pass		Roberts	Nicole	1-(559)676-1529
Fresno	CA	93721	lramosaj@nyu.edu	45076 Rockefeller Crossing		Ramos	Laura	1-(209)287-1678
Fresno	CA	93740	pkelley8t@nba.com	3552 Pleasure Hill		Kelley	Paul	1-(559)623-0861
Mountain View	CA	94042	spiercebd@soundcloud.com	5 Coleman Point		Pierce	Stephen	1-(650)119-8290
Mountain View	CA	94042	jporterq4@ca.gov	09400 Sycamore Junction		Porter	Janice	1-(650)834-5323
Sunnyvale	CA	94089	lbowmani@pen.io	0 Spaight Crossing		Bowman	Laura	1-(408)648-1022
San Francisco	CA	94110	mwellspg@sourceforge.net	188 Anniversary Parkway		Wells	Martin	1-(415)592-4768
San Francisco	CA	94116	jpierce6@arizona.edu	6 Mallory Pass		Pierce	Julie	1-(415)104-4567
San Francisco	CA	94121	jdayaf@hubpages.com	856 Helena Road		Day	Joyce	1-(415)948-8679
San Francisco	CA	94121	mmason16@dmoz.org	87176 Lake View Parkway		Mason	Maria	1-(858)475-8743
San Francisco	CA	94132	dburkee6@qq.com	535 High Crossing Way		Burke	Doris	1-(415)966-1172
San Francisco	CA	94132	adixonr9@ted.com	07504 Mockingbird Way		Dixon	Aaron	1-(415)914-6988
San Francisco	CA	94137	emccoyco@bizjournals.com	96684 Milwaukee Pass		Mccoy	Elizabeth	1-(415)460-5779
San Francisco	CA	94142	lparkerhl@merriam-webster.com	6 Jenna Pass		Parker	Linda	1-(415)179-0664
San Francisco	CA	94164	sspencer6z@theatlantic.com	8 Kedzie Parkway		Spencer	Samuel	1-(415)713-0393
San Francisco	CA	94177	rjamesbz@umn.edu	680 Derek Center		James	Ronald	1-(415)130-8113
Sacramento	CA	94237	kreid32@lycos.com	97254 Esker Lane		Reid	Kevin	1-(916)705-2862
Sacramento	CA	94237	cstephensq9@whitehouse.gov	54 Continental Avenue		Stephens	Cynthia	1-(916)571-0002
Sacramento	CA	94245	jrobertsono0@chicagotribune.com	42163 Delaware Court		Robertson	Jack	1-(916)263-3194
Sacramento	CA	94273	sflores25@census.gov	8 Vahlen Parkway		Flores	Shawn	1-(916)119-3180
Sacramento	CA	94280	glarson5i@microsoft.com	53 Monument Street		Larson	Gary	1-(916)380-5286
Oakland	CA	94622	kparker8f@slate.com	7852 Dawn Court		Parker	Kathryn	1-(510)365-0199
Oakland	CA	94622	lperryrr@elegantthemes.com	80649 Texas Place		Perry	Louis	1-(510)706-5402
Petaluma	CA	94975	mhughes2w@ucoz.ru	25 Kingsford Lane		Hughes	Margaret	1-(707)892-2205
Santa Clara	CA	95054	akimap@ning.com	07 Sachtjen Avenue		Kim	Andrew	1-(949)215-9116
San Jose	CA	95123	rmillerpk@gnu.org	1 Forest Run Plaza		Miller	Randy	1-(408)575-7779
San Jose	CA	95123	kmorrison5s@studiopress.com	22 Columbus Street		Morrison	Keith	1-(408)578-1182
San Jose	CA	95160	aclarkfg@ifeng.com	0 Almo Plaza		Clark	Adam	1-(408)347-1590
San Jose	CA	95194	pperkinsj@answers.com	20 Tony Terrace		Perkins	Phillip	1-(408)923-5975
San Jose	CA	95194	lstonejh@canalblog.com	7 Pierstorff Crossing		Stone	Lisa	1-(408)301-0680
Stockton	CA	95205	jdavis8l@istockphoto.com	7590 Twin Pines Way		Davis	Jean	1-(209)946-4273
Stockton	CA	95210	kryanga@reverbnation.com	2951 Rockefeller Point		Ryan	Kimberly	1-(209)743-1799
Modesto	CA	95354	sfernandez2u@com.com	2497 West Crossing		Fernandez	Stephen	1-(559)463-9104
Santa Rosa	CA	95405	lvasquez8c@howstuffworks.com	1637 Hintze Point		Vasquez	Lori	1-(707)773-2593
Sacramento	CA	95813	rjordanjm@weibo.com	96432 Michigan Lane		Jordan	Ruth	1-(916)488-6493
Sacramento	CA	95828	wfreeman8r@marketwatch.com	711 Heath Street		Freeman	Walter	1-(916)664-3182
Sacramento	CA	95833	pstoneat@domainmarket.com	277 Dennis Street		Stone	Phyllis	1-(530)961-1632
Sacramento	CA	95838	hmurphycx@comsenz.com	9722 Shoshone Place		Murphy	Harry	1-(916)134-9280
Sacramento	CA	95865	rhallrp@msu.edu	2 Vidon Court		Hall	Rebecca	1-(916)756-7739
Sacramento	CA	95894	bhayesm1@gov.uk	05 Waxwing Center		Hayes	Brenda	1-(916)271-9543
Sacramento	CA	95894	jwellsgk@theatlantic.com	8 Walton Circle		Wells	Jason	1-(916)803-6384
Honolulu	HI	96805	ahallfk@slate.com	2997 Washington Terrace		Hall	Anthony	1-(808)266-8654
Honolulu	HI	96810	jstanley2x@hugedomains.com	7116 Summer Ridge Point		Stanley	Joe	1-(808)597-1387
Honolulu	HI	96815	chayes8s@elpais.com	34 Fairfield Drive		Hayes	Carol	1-(808)638-8748
Honolulu	HI	96845	wtuckerdu@oakley.com	755 Gale Avenue		Tucker	Walter	1-(808)918-0621
Honolulu	HI	96850	ehansonan@elpais.com	7582 Waxwing Way		Hanson	Emily	1-(808)890-4393
Portland	OR	97216	devansct@hugedomains.com	06 Stephen Trail		Evans	Daniel	1-(503)875-0935
Portland	OR	97216	dsimsof@mapy.cz	0 Everett Pass		Sims	Denise	1-(503)273-4524
Portland	OR	97221	drice3v@so-net.ne.jp	7476 Grasskamp Point		Rice	Doris	1-(503)848-8345
Portland	OR	97255	jgreene9k@japanpost.jp	00146 Nobel Court		Greene	Jimmy	1-(971)575-9259
Portland	OR	97255	aperrycq@zimbio.com	8 Muir Court		Perry	Alice	1-(971)209-4802
Portland	OR	97286	srodrigueznk@mapy.cz	26030 Darwin Junction		Rodriguez	Sharon	1-(503)166-4776
Portland	OR	97296	jbrooksn4@vimeo.com	6704 John Wall Park		Brooks	Jimmy	1-(503)572-4646
Salem	OR	97306	rgibsongl@aboutads.info	77 Carpenter Parkway		Gibson	Rose	1-(503)262-7837
Salem	OR	97306	charrison4f@ifeng.com	672 Riverside Alley		Harrison	Christine	1-(503)531-4627
Seattle	WA	98115	thughesa8@mysql.com	276 Mifflin Circle		Hughes	Thomas	1-(425)836-9603
Seattle	WA	98185	aperezqz@discovery.com	35773 Cardinal Way		Perez	Albert	1-(206)218-1015
Everett	WA	98206	mlanej9@businesswire.com	0876 Eastlawn Hill		Lane	Marie	1-(425)919-1298
Tacoma	WA	98405	danderson89@about.me	200 Summit Plaza		Anderson	Douglas	1-(253)823-6435
Tacoma	WA	98405	tbanksm3@mit.edu	9 Harper Hill		Banks	Theresa	1-(253)271-9312
Tacoma	WA	98417	nkellyph@boston.com	95831 Judy Way		Kelly	Nancy	1-(253)630-9712
Tacoma	WA	98424	klewis21@bloomberg.com	0 Duke Court		Lewis	Kathryn	1-(206)835-8337
Tacoma	WA	98424	astevens29@last.fm	5 Oneill Hill		Stevens	Albert	1-(253)697-3417
Tacoma	WA	98442	rfoxp7@com.com	2 Lunder Way		Fox	Roger	1-(253)876-3988
Tacoma	WA	98442	sgrahamoh@dailymotion.com	5 Fuller Plaza		Graham	Susan	1-(253)728-0591
Tacoma	WA	98481	ethomas8h@narod.ru	708 Bobwhite Parkway		Thomas	Emily	1-(253)751-9586
Olympia	WA	98506	lhunterhs@shutterfly.com	46 Ridgeway Alley		Hunter	Lois	1-(360)969-3394
Olympia	WA	98516	gyoung62@bing.com	1118 Packers Parkway		Young	Gloria	1-(253)276-7760
Vancouver	WA	98664	hscottx@utexas.edu	5 Golf Course Park		Scott	Howard	1-(360)310-0635
Vancouver	WA	98687	lcastillohm@sbwire.com	85360 Sunfield Lane		Castillo	Lisa	1-(360)278-7274
Vancouver	WA	98687	hwilliamsgs@cnn.com	7 Carey Alley		Williams	Harry	1-(360)772-7887
Spokane	WA	99220	aroseok@ezinearticles.com	309 Thackeray Crossing		Rose	Angela	1-(509)599-6520
Spokane	WA	99252	cmyersi9@pinterest.com	9 Declaration Drive		Myers	Clarence	1-(509)440-0742
Anchorage	AK	99507	bmedinac2@google.ca	43804 Oakridge Street		Medina	Benjamin	1-(907)267-6925
Anchorage	AK	99507	aphillipsqj@bing.com	06 Stuart Point		Phillips	Ashley	1-(907)141-3338
Fairbanks	AK	99709	kmillsrb@domainmarket.com	196 Mccormick Center		Mills	Kenneth	1-(907)289-8855
Fairbanks	AK	99790	ekingg9@google.com.br	29287 Warbler Center		King	Elizabeth	1-(907)840-5651
Juneau	AK	99812	rknight73@t-online.de	491 Meadow Valley Trail		Knight	Ruth	1-(907)138-1031
